"population","common_fitted","logFC_spearman","pca_DEGs","harmony_DEGs","shared_DEGs","DEG_Jaccard","shared_DEG_sign_agreement","cell_Jaccard"
"Atrichoblast_lineage",19500,0.946242427632568,1558,1546,1296,0.716814159292035,1,0.826913779210314
"Cortex_lineage",18423,0.851146469273087,1460,846,584,0.339140534262485,1,0.713420465412815
"Dividing_meristematic",17869,0.989779751363902,395,388,367,0.882211538461538,1,0.949433304272014
"Endodermis_lineage",17173,0.946618630796773,524,439,424,0.786641929499072,1,0.907641819034224
"Epidermal_initial_like",17744,0.967714319548247,403,440,377,0.809012875536481,1,0.81899518238128
"Meristematic_unresolved",18042,0.896101576866413,504,316,266,0.48014440433213,1,0.527673896783844
"Pericycle",17303,0.900601995797696,637,630,524,0.705248990578735,1,0.725178047758693
"Root_cap",15336,0.963081303748326,148,155,138,0.836363636363636,1,0.903887688984881
"Trichoblast_lineage",18524,0.98843254175861,1748,1532,1483,0.825264329437952,1,0.857904085257549
