"","control_rep1","control_rep2","stress_rep1","stress_rep2"
"0",4.15995705850778,2.17391304347826,49.9463231347289,43.719806763285
"1",21.896002829855,26.1407852847542,29.5012380615493,22.4619738238415
"2",11.7494600431965,13.2181425485961,40.3887688984881,34.6436285097192
"3",5.60949298813377,40.8306364617044,28.4789644012945,25.0809061488673
"4",6.95652173913043,32.0108695652174,32.3913043478261,28.6413043478261
"5",2.81517747858017,1.16279069767442,51.6523867809058,44.3696450428397
"6",16.5307635285397,81.2453669384729,0.593031875463306,1.63083765752409
"7",24.6500777604977,28.9269051321929,25.3499222395023,21.0730948678072
"8",30,37.421875,18.75,13.828125
"9",17.2297297297297,26.1824324324324,30.5743243243243,26.0135135135135
"10",16.5858389912706,25.5092143549952,33.2686711930165,24.6362754607177
"11",35.3778751369113,22.6725082146769,23.7677984665936,18.1818181818182
"12",20.1783723522854,41.917502787068,20.4013377926421,17.5027870680045
"13",15.6930126002291,28.2932416953035,30.5841924398625,25.4295532646048
"14",12.2418879056047,86.5781710914454,0.589970501474926,0.589970501474926
"15",7.44047619047619,24.4047619047619,35.4166666666667,32.7380952380952
"16",4.93827160493827,21.6049382716049,41.9753086419753,31.4814814814815
"17",8.69565217391304,18.4782608695652,42.3913043478261,30.4347826086957
