"branch","dimension","coordinate_sd"
"pca",1,10.477918879409
"pca",2,6.14780519088112
"pca",3,5.62031127880484
"pca",4,4.94335977730194
"pca",5,4.53810076568169
"pca",6,3.9664505698177
"pca",7,3.79795648634355
"pca",8,3.46854283512031
"pca",9,3.33099907287504
"pca",10,3.17583422348971
"pca",11,3.01806195493808
"pca",12,2.95655110839301
"pca",13,2.84408231979114
"pca",14,2.67233716824277
"pca",15,2.6188189881286
"pca",16,2.47071015416467
"pca",17,2.4004426248205
"pca",18,2.37249705548761
"pca",19,2.36811276299581
"pca",20,2.31511973765028
"pca",21,2.27493720212426
"pca",22,2.19766059999469
"pca",23,2.1570535241502
"pca",24,2.09019858721722
"pca",25,2.04292100207975
"pca",26,2.01437656895253
"pca",27,1.98480368800379
"pca",28,1.95175249762028
"pca",29,1.92886520662592
"pca",30,1.88034876591881
"pca",31,1.8761660867271
"pca",32,1.83974358356149
"pca",33,1.81498342615857
"pca",34,1.7414628114088
"pca",35,1.71993839927774
"pca",36,1.69060353740532
"pca",37,1.66530278115115
"pca",38,1.64425938117816
"pca",39,1.61142798327421
"pca",40,1.58622819671524
"pca",41,1.56055897682269
"pca",42,1.53018748557366
"pca",43,1.52719996800697
"pca",44,1.51418599853463
"pca",45,1.49607864111064
"pca",46,1.49219562829699
"pca",47,1.47772951102682
"pca",48,1.45343347723322
"pca",49,1.43460725222769
"pca",50,1.4311593008607
"harmony",1,10.531285837309
"harmony",2,6.15111353404552
"harmony",3,5.59749022429152
"harmony",4,4.83974660383847
"harmony",5,3.79996236416098
"harmony",6,3.45657655364863
"harmony",7,3.65888081356303
"harmony",8,3.44671800390316
"harmony",9,3.13344369662659
"harmony",10,3.14098021048235
"harmony",11,2.79303398499409
"harmony",12,2.89901096075943
"harmony",13,2.76270822706892
"harmony",14,2.36967711189628
"harmony",15,2.58300065098117
"harmony",16,2.41470925543676
"harmony",17,2.31867833240414
"harmony",18,2.39411138923229
"harmony",19,2.3206997494748
"harmony",20,2.26804915124996
"harmony",21,2.22383747860447
"harmony",22,2.19230933357121
"harmony",23,2.12153173863168
"harmony",24,2.05762010770028
"harmony",25,1.97328294236107
"harmony",26,2.0268741162974
"harmony",27,1.91461846023785
"harmony",28,1.82726698132521
"harmony",29,1.880107682159
"harmony",30,1.86018087305435
"harmony",31,1.82421807859002
"harmony",32,1.82188378945442
"harmony",33,1.77650528654643
"harmony",34,1.6783015590776
"harmony",35,1.67782038338355
"harmony",36,1.55465736272011
"harmony",37,1.59536375524077
"harmony",38,1.58626827660556
"harmony",39,1.53630788058572
"harmony",40,1.53866487831272
"harmony",41,1.53446396832647
"harmony",42,1.44116765408543
"harmony",43,1.4479802604802
"harmony",44,1.48383036647029
"harmony",45,1.39545921141603
"harmony",46,1.42193110560032
"harmony",47,1.38094540927285
"harmony",48,1.42251626555507
"harmony",49,1.40990693400423
"harmony",50,1.37636196343665
