frozen_file,matches_prior_sha256
results/core1_frozen/EXPORT_COMPLETE.txt,True
results/core1_frozen/annotation_inputs.R,True
results/core1_frozen/cell_metadata.csv,True
results/core1_frozen/cluster_annotation.csv,True
results/core1_frozen/cluster_signature_long.csv,True
results/core1_frozen/cluster_signature_margin.csv,True
results/core1_frozen/cluster_signature_scores.csv,True
results/core1_frozen/common_features.txt,True
results/core1_frozen/core1_existing_results.rds,True
results/core1_frozen/de_all.csv,True
results/core1_frozen/de_summary.csv,True
results/core1_frozen/eligible_populations.txt,True
results/core1_frozen/go_cell_matrix_complete.csv,True
results/core1_frozen/go_cell_summary.csv,True
results/core1_frozen/go_gene_map_fixed.csv,True
results/core1_frozen/p1_p3_overlap.csv,True
results/core1_frozen/p1_p3_sig.csv,True
results/core1_frozen/p1_p3_summary.csv,True
results/core1_frozen/pb_meta.csv,True
results/core1_frozen/population_sample_counts.csv,True
results/core1_frozen/qc_retention_from_saved_metadata.csv,True
results/core1_frozen/remaining_scores.csv,True
results/core1_frozen/remaining_top2.csv,True
results/core1_frozen/score_map.csv,True
results/core1_frozen/score_map_v3.csv,True
results/core1_frozen/sessionInfo_export.txt,True
results/core1_frozen/symbol_map_db.csv,True
