"TAIR","in_P1_candidates"
"AT3G48520",TRUE
"AT2G31690",TRUE
"AT1G17420",TRUE
"AT2G23600",TRUE
"AT3G48520",TRUE
"AT2G31690",TRUE
"AT1G17420",TRUE
"AT2G23600",TRUE
"AT5G63770",TRUE
"AT5G20230",TRUE
"AT2G36640",TRUE
"AT5G15960",TRUE
"AT3G50970",TRUE
"AT1G65500",TRUE
"AT1G56600",TRUE
"AT2G36640",TRUE
"AT5G15960",TRUE
"AT3G50970",TRUE
"AT5G15960",TRUE
"AT1G52890",TRUE
"AT3G50970",TRUE
"AT1G65500",TRUE
"AT4G27410",TRUE
"AT1G56600",TRUE
"AT5G15960",TRUE
"AT1G52890",TRUE
"AT3G50970",TRUE
"AT1G65500",TRUE
"AT4G27410",TRUE
"AT1G56600",TRUE
"AT5G15960",TRUE
"AT1G52890",TRUE
"AT3G50970",TRUE
"AT1G65500",TRUE
"AT4G27410",TRUE
"AT1G56600",TRUE
