"p_val","avg_log2FC","pct.1","pct.2","p_val_adj","cluster","gene","SYMBOL"
0,4.16517154535829,0.615,0.11,0,"9","AT2G33790","AGP30"
0,3.87737115352909,0.344,0.024,0,"9","AT1G25450","CER60"
0,3.74981525235566,0.398,0.028,0,"9","AT3G43720","LTPG2"
0,3.55751558486386,0.308,0.034,0,"9","AT2G39040",NA
0,3.50275059801498,0.285,0.02,0,"9","AT3G48260","WNK3"
5.77365113730081e-320,3.4693111050008,0.34,0.047,1.89566287790997e-315,"9","AT4G01630","ATEXP17"
0,3.46676060352468,0.264,0.021,0,"9","AT1G79840","GL2"
0,3.46461901143032,0.595,0.146,0,"9","AT1G65310","ATXTH17"
0,3.44491973671576,0.655,0.136,0,"9","AT4G19030","AT-NLM1"
0,3.34843311345531,0.254,0.022,0,"9","AT1G05530","UGT2"
4.16281099841703e-252,3.21768949499911,0.368,0.071,1.36677573511026e-247,"9","AT1G06120","ADS1.4"
0,3.19165781553995,0.703,0.142,0,"9","AT1G54890",NA
9.12230950905777e-318,3.18245033271322,0.289,0.033,2.99512788110894e-313,"9","AT4G38400","ATEXLA2"
0,3.16420854686197,0.433,0.078,0,"9","AT1G05660",NA
3.93484970005967e-309,3.09790019050047,0.291,0.035,1.29192920202059e-304,"9","AT2G43880",NA
3.85371203756172e-322,2.9585085455339,0.327,0.043,1.26528927329264e-317,"9","AT2G47550","PMEI-PME20"
0,2.92185440534802,0.425,0.068,0,"9","AT3G63470","scpl40"
0,2.9092744511359,0.652,0.131,0,"9","AT5G44585","PROSCOOP12"
0,2.90263313986926,0.493,0.082,0,"9","AT4G22230",NA
1.08465907201707e-287,2.88601690943251,0.255,0.028,3.56126113115364e-283,"9","AT3G59850",NA
0,2.85548992059498,0.651,0.123,0,"9","AT3G10720","PMEI-PME25"
2.08813847945909e-294,2.85163751003994,0.327,0.047,6.85598506960802e-290,"9","AT5G01330","PDC3"
0,2.74728612595275,0.491,0.087,0,"9","AT4G25250","PMEI4"
0,2.73406794683282,0.672,0.195,0,"9","AT3G46280",NA
0,2.70564424568547,0.704,0.157,0,"9","AT4G00080","UNE11"
4.68806725859287e-61,1.75498787607604,0.544,0.448,1.5392331230138e-56,"2","AT1G12080",NA
4.01515937608136e-33,1.51918784792927,0.312,0.218,1.31829727794879e-28,"2","AT4G23690","AtDIR6"
8.63535549503738e-37,1.26930037490479,0.406,0.315,2.83524626968562e-32,"2","AT4G26320","AGP13"
9.07420307546955e-34,1.22049518799876,0.389,0.296,2.97933309576892e-29,"2","AT5G56540","AGP14"
2.49979268473443e-25,1.20578139251312,0.322,0.24,8.20756932178855e-21,"2","AT2G40890","CYP98A3"
1.0962360859347e-22,1.04951433903518,0.331,0.258,3.5992719409494e-18,"2","AT5G48930","HCT"
5.24448738863945e-27,1.03406410157144,0.489,0.427,1.72192254431199e-22,"2","AT5G05960",NA
2.11614191622491e-123,1.00887635504449,0.767,0.679,6.94792875354124e-119,"2","AT2G02130","LCR68"
2.47306566935924e-19,0.990612281286727,0.343,0.273,8.11981651220719e-15,"2","AT3G18280","AtTED4"
1.5034314523134e-26,0.966010927271673,0.369,0.285,4.93621648738058e-22,"2","AT3G14310","ATPME3"
4.50690242345011e-35,0.958198754953673,0.488,0.398,1.47975127269138e-30,"2","AT2G02100","LCR69"
6.17040898113407e-148,0.929332904722453,0.891,0.86,2.02593038077575e-143,"2","AT1G62480",NA
8.76930036575871e-55,0.921553741315112,0.641,0.568,2.87922438908956e-50,"2","AT4G34050","CCoAOMT1"
5.89975151175086e-34,0.872577519906288,0.464,0.374,1.93706541385316e-29,"2","AT4G14010","RALFL32"
7.69528716363555e-69,0.86863524676874,0.738,0.708,2.52659363443646e-64,"2","AT1G75750","GASA1"
8.41705751643589e-74,0.820742802009165,0.735,0.665,2.7635724943714e-69,"2","AT4G21960","PRXR1"
9.76782190246401e-29,0.812650280541509,0.49,0.416,3.20706896523601e-24,"2","AT2G37040","ATPAL1"
1.84707540662846e-06,0.778813497874908,0.316,0.295,0.0606450268258321,"2","AT1G52760","AtMAGL3"
7.72228032932998e-44,0.73915318181639,0.612,0.554,2.53545630052891e-39,"2","AT4G22212",NA
1.33962100059808e-11,0.735798807399156,0.286,0.233,4.39837763126366e-07,"2","AT2G04800",NA
3.08974975933868e-07,0.73239045462098,0.28,0.248,0.0101445753848367,"2","AT3G03780","ATMS2"
4.32610991416446e-45,0.728127361850315,0.887,0.905,1.42039166811762e-40,"2","AT3G41768",NA
3.05320049989148e-19,0.713990632638897,0.437,0.375,1.00245732012937e-14,"2","AT1G11580","ATPMEPCRA"
1.81614413598882e-10,0.693678404375372,0.586,0.6,5.96294604169208e-06,"2","ATMG01390",NA
3.09575914055899e-41,0.68529852692671,0.623,0.566,1.01643059861973e-36,"2","AT1G55330","AGP21"
0,7.95252588797805,0.446,0.002,0,"14","AT4G10250","ATHSP22.0"
0,6.30260886574632,0.783,0.016,0,"14","AT4G25200","ATHSP23.6-MITO"
0,6.22271168499054,0.869,0.022,0,"14","AT5G12020","HSP17.6II"
0,5.96251342058766,0.857,0.026,0,"14","AT1G53540","HSP17.6C"
0,5.89888563268836,0.903,0.029,0,"14","AT5G12030","AT-HSP17.6A"
0,5.46664110916722,0.651,0.021,0,"14","AT1G16030","HSP70-5"
0,5.34509241695087,0.617,0.017,0,"14","AT5G37670","HSP15.7"
0,5.30066649650703,0.263,0.006,0,"14","AT3G63350","AT-HSFA7B"
0,5.12439945174798,0.617,0.022,0,"14","AT2G32120","HSP70-8"
0,5.04277592723885,0.886,0.054,0,"14","AT1G59860","HSP17.6A"
0,5.00475591643807,0.937,0.057,0,"14","AT3G46230","ATHSP17.4"
0,5.00385390079623,0.886,0.059,0,"14","AT1G54050","HSP17.4B"
0,4.922062673686,0.949,0.084,0,"14","AT1G07400","HSP17.8"
0,4.87552881773378,0.731,0.038,0,"14","AT2G26150","ATHSFA2"
0,4.62902508793947,0.76,0.038,0,"14","AT2G46240","ATBAG6"
5.18163728905804e-217,4.35810980670726,0.269,0.01,1.70128697111642e-212,"14","AT5G59720","HSP18.2"
6.24733014563035e-297,4.04517628523741,0.88,0.09,2.05118590671481e-292,"14","AT1G74310","ATHSP101"
1.72604240961067e-202,3.81393875646102,0.92,0.163,5.66711504347473e-198,"14","AT5G51440","HSP23.5"
3.60663261671051e-184,3.58891060481992,0.869,0.15,1.18416568704456e-179,"14","AT2G29500","HSP17.6B"
3.68388077105147e-168,3.36968806087719,0.926,0.194,1.20952857355933e-163,"14","AT5G48570","ATFKBP65"
2.24085341246274e-165,3.25760715199954,0.777,0.12,7.35739400913892e-161,"14","AT3G09350","Fes1A"
9.64632824516163e-94,3.18745463467544,0.4,0.051,3.16717895273392e-89,"14","AT5G54165",NA
7.90987333198083e-158,3.18479411409502,0.726,0.107,2.59704871108927e-153,"14","AT3G16050","A37"
6.3123920425295e-158,3.17769383635619,0.834,0.153,2.07254767932371e-153,"14","AT1G30070",NA
2.8023511499463e-157,3.13360326422822,0.446,0.038,9.20095953061868e-153,"14","AT4G21320","HSA32"
0,4.17443877296449,0.488,0.046,0,"11","AT1G20190","ATEXP11"
0,3.9385001581473,0.298,0.022,0,"11","AT3G05150",NA
2.08244314234041e-301,3.70323959232508,0.303,0.037,6.83728556924628e-297,"11","AT5G64620","ATC/VIF2"
0,3.67221235097579,0.862,0.343,0,"11","AT1G12090","ELP"
0,3.52082728161477,0.501,0.097,0,"11","AT5G62210",NA
0,3.52053404752353,0.604,0.105,0,"11","AT2G45180","DRN1"
0,3.49506869247931,0.655,0.1,0,"11","AT1G17300",NA
0,3.39964187021541,0.924,0.306,0,"11","AT5G65390","AGP7"
4.75651578247208e-154,3.04166220863149,0.495,0.181,1.56170682685906e-149,"11","AT4G11290","PER39"
2.63502706290206e-163,3.00312888315686,0.402,0.117,8.65158435562632e-159,"11","AT2G14900","GASA7"
0,2.95441369876671,0.485,0.077,0,"11","AT5G07990","CYP75B1"
0,2.95075107474168,0.514,0.087,0,"11","AT2G47930","AGP26"
3.11188693064441e-314,2.93756202394226,0.344,0.046,1.02172583593848e-309,"11","AT3G25290",NA
1.45708360534183e-167,2.89959781192817,0.279,0.055,4.78404260141885e-163,"11","AT5G66310",NA
0,2.8791702592527,0.536,0.09,0,"11","AT2G34070","TBL37"
1.52206858767771e-123,2.84914052969158,0.597,0.297,4.99740779392222e-119,"11","AT1G05260","PER3"
3.45436850062498e-170,2.84859775370976,0.328,0.074,1.1341728098102e-165,"11","AT1G29025",NA
3.04218527814303e-259,2.79302719958056,0.454,0.099,9.988406923727e-255,"11","AT3G07010",NA
6.687982133727e-276,2.77556613094527,0.427,0.082,2.19586517396658e-271,"11","AT2G02780",NA
4.83916075310389e-281,2.74994820422592,0.348,0.052,1.5888416500666e-276,"11","AT2G38170","ATCAX1"
0,2.74972927884385,0.644,0.164,0,"11","AT5G48880","KAT5"
1.09772198333314e-231,2.71690117741398,0.294,0.045,3.60415058787771e-227,"11","AT5G64330","JK218"
4.17068805370771e-268,2.69702778592141,0.478,0.106,1.36936200867385e-263,"11","AT1G05680","UGT74E2"
3.06345421241092e-151,2.67583804206353,0.413,0.125,1.00582392156088e-146,"11","AT1G62510",NA
1.57281498471547e-190,2.64321379611199,0.268,0.045,5.16402343931632e-186,"11","AT2G16580","SAUR8"
0,4.86558599264134,0.328,0.024,0,"3","AT3G46130","ATMYB48"
0,4.4624531863096,0.383,0.039,0,"3","AT1G31050","PFA1"
0,4.37970058667897,0.721,0.139,0,"3","AT5G43180",NA
0,4.13608619657935,0.784,0.182,0,"3","AT3G62040",NA
0,4.07439318507591,0.425,0.075,0,"3","AT2G41480","AtPRX25"
0,4.07309723395486,0.358,0.06,0,"3","AT3G47510",NA
0,4.0380618805434,0.402,0.073,0,"3","AT4G08290","UMAMIT20"
0,4.02754548130582,0.274,0.039,0,"3","AT2G40460",NA
0,3.92978849250555,0.399,0.062,0,"3","AT2G36650",NA
0,3.89025763262608,0.549,0.098,0,"3","AT2G40900","UMAMIT11"
0,3.79858854275709,0.346,0.063,0,"3","AT3G08040","ATFRD3"
0,3.7685605648715,0.266,0.037,0,"3","AT1G49470",NA
0,3.76483021942251,0.34,0.063,0,"3","AT2G28780",NA
0,3.71013542736754,0.27,0.043,0,"3","AT2G17820","AHK1"
0,3.59838649976486,0.625,0.152,0,"3","AT5G10580",NA
0,3.57877366387031,0.405,0.087,0,"3","AT4G01450","UMAMIT30"
0,3.55687453357917,0.61,0.134,0,"3","AT3G23430","ATPHO1"
0,3.53433135310964,0.671,0.198,0,"3","AT2G19110","ATHMA4"
0,3.47667962547658,0.827,0.439,0,"3","AT1G32450","AtNPF7.3"
3.38452211821783e-289,3.47110854730013,0.369,0.101,1.11124014707446e-284,"3","AT1G20160","ATSBT5.2"
0,3.44434111235625,0.375,0.072,0,"3","AT1G21050",NA
0,3.42029712288626,0.498,0.113,0,"3","AT4G15340","04C11"
6.72093899312146e-259,3.38066977116441,0.282,0.062,2.20668589961157e-254,"3","AT2G46650","ATCB5-C"
0,3.31372687973637,0.566,0.151,0,"3","AT1G44800","SIAR1"
7.25720073223898e-279,3.3044619708664,0.257,0.047,2.38275671641602e-274,"3","AT1G01070","UMAMIT28"
0,3.08103823062229,0.29,0.024,0,"6","AT1G63650","AtEGL3"
0,2.84668705976235,0.269,0.025,0,"6","AT4G00480","ATMYC1"
0,2.79378815004355,0.364,0.041,0,"6","AT1G64220","TOM7-2"
0,2.59211222518272,0.287,0.03,0,"6","AT3G14550","AtGFPPS2"
0,2.53643812229757,0.325,0.039,0,"6","AT5G57980","RPB5C"
0,2.52770064129408,0.339,0.04,0,"6","AT2G30130","ASL5"
0,2.52148486084762,0.293,0.035,0,"6","AT5G59240","eS8y"
0,2.34460409857504,0.846,0.196,0,"6","AT2G25980",NA
0,2.27331648881735,0.728,0.157,0,"6","AT5G62340",NA
0,2.24979960466705,0.41,0.052,0,"6","AT3G14530","AtGGPS6"
0,2.20351103104879,0.748,0.173,0,"6","AT3G15357",NA
0,2.15019920649155,0.409,0.065,0,"6","AT5G14750","ATMYB66"
0,2.12826423346192,0.494,0.075,0,"6","AT4G00730","AHDP"
0,2.12120994390664,0.419,0.076,0,"6","AT5G15950","SAMDC2"
0,2.12053995258778,0.457,0.079,0,"6","AT2G19670","ATPRMT1A"
1.24051409794971e-269,2.10018842106608,0.272,0.043,4.0729799377983e-265,"6","AT5G14580",NA
0,2.07830639902348,0.844,0.239,0,"6","AT4G25630","ATFIB2"
0,2.05880800865867,0.598,0.122,0,"6","AT3G22310","ATRH9"
0,2.02911274975124,0.822,0.22,0,"6","AT2G15000",NA
0,2.02331898030276,0.572,0.104,0,"6","AT5G27330",NA
0,2.00836542389478,0.447,0.08,0,"6","AT3G18240","mS35z"
0,2.00104687577517,0.838,0.234,0,"6","AT5G27120",NA
0,1.99244468179009,0.946,0.376,0,"6","AT3G23830","AtGRP4"
0,1.99231112524838,0.961,0.401,0,"6","AT4G12600",NA
0,1.97709583690919,0.937,0.34,0,"6","AT3G58700","RPL16C"
0,4.38683953330708,0.458,0.043,0,"4","AT1G04220","DAISY"
0,4.11161012604913,0.279,0.03,0,"4","AT1G53940","GLIP2"
1.85373430319636e-320,3.91462930453885,0.27,0.043,6.0863658376846e-316,"4","AT5G13900","LTPG30"
0,3.89930322811894,0.55,0.082,0,"4","AT2G28470","BGAL8"
0,3.74446003263645,0.287,0.037,0,"4","AT5G54230","AtMYB49"
0,3.69736905441209,0.9,0.328,0,"4","AT2G38380",NA
0,3.56659063554516,0.298,0.043,0,"4","AT2G28210","ACA2"
0,3.54988478585874,0.805,0.207,0,"4","AT2G48130","LTPG15"
0,3.54184685456587,0.393,0.061,0,"4","AT1G14160","CASPL1A1"
0,3.49477739407431,0.342,0.062,0,"4","AT1G09090","ATRBOHB"
0,3.49044212264099,0.993,0.614,0,"4","AT3G32980","PRX32"
0,3.47289374698739,0.505,0.095,0,"4","AT4G24130","SVB5"
0,3.4606710208987,0.961,0.402,0,"4","AT3G22600","LTPG5"
0,3.43706128455641,0.298,0.05,0,"4","AT1G01610","ATGPAT4"
0,3.42577188842561,0.334,0.061,0,"4","AT5G41040","ASFT"
0,3.40163645254453,0.39,0.069,0,"4","AT2G48140","EDA4"
0,3.40039523174405,0.299,0.053,0,"4","AT1G72490","AtNGR2"
0,3.39182497922923,0.405,0.087,0,"4","AT2G29330","TRI"
0,3.29331152610019,0.326,0.058,0,"4","AT5G35110","ASR1"
0,3.26007877340443,0.626,0.212,0,"4","AT4G04840","ATMSRB6"
0,3.20157299226471,0.669,0.224,0,"4","AT3G22620","LTPG20"
0,3.04754263513618,0.468,0.097,0,"4","AT2G16750",NA
0,3.01712601041731,0.604,0.207,0,"4","AT5G57560","AtXTH22"
0,2.99617793699895,0.532,0.134,0,"4","AT5G59490",NA
8.72900603523967e-258,2.97802941212803,0.354,0.096,2.86599455155024e-253,"4","AT2G25710","HCS1"
0,3.84777741679362,0.746,0.077,0,"10","AT1G27140","ATGSTU14"
0,3.55879051175684,0.306,0.019,0,"10","AT5G15890","TBL21"
0,3.3978882808513,0.513,0.044,0,"10","AT1G14220",NA
0,3.21542559171028,0.912,0.239,0,"10","AT2G18980","PRX16"
0,3.13780720687554,0.94,0.217,0,"10","AT3G48340","CEP2"
0,3.11621434165946,0.448,0.042,0,"10","AT5G13990","ATEXO70C2"
0,3.11157894899907,0.993,0.479,0,"10","AT1G04040",NA
0,3.07129373610592,0.663,0.099,0,"10","AT4G22214",NA
1.86268422180874e-302,2.95882872163433,0.304,0.037,6.11575110546465e-298,"10","AT3G16390","NSP3"
0,2.94313895214176,0.863,0.186,0,"10","AT1G23750",NA
0,2.89079684840918,0.555,0.085,0,"10","AT4G22217",NA
0,2.83273476648921,0.557,0.085,0,"10","AT4G25250","PMEI4"
0,2.82645147514317,0.331,0.031,0,"10","AT3G21750","UGT71B1"
1.25957908201328e-166,2.76784884500449,0.898,0.607,4.13557599997419e-162,"10","AT5G46890",NA
0,2.75589716329622,0.522,0.073,0,"10","AT2G20750","ATEXPB1"
0,2.68764214127665,0.995,0.698,0,"10","AT1G66270","BGLU21"
0,2.68327660223171,0.289,0.027,0,"10","AT3G50130",NA
3.74492964223157e-265,2.63360752377259,0.555,0.144,1.22957274943389e-260,"10","AT2G47540",NA
5.0428385531608e-295,2.61856871255838,0.393,0.064,1.65571518215929e-290,"10","AT5G49270","COBL9"
0,2.60577404840425,0.816,0.209,0,"10","AT1G33800","AtGXMT1"
0,2.57083271371345,0.397,0.052,0,"10","AT3G60540",NA
0,2.54567024088029,0.896,0.3,0,"10","AT3G54960","ATPDI1"
0,2.53511472472643,0.785,0.157,0,"10","AT2G04170",NA
0,2.52857261959422,0.546,0.086,0,"10","AT3G43960",NA
1.28406964853801e-294,2.51787499624913,0.294,0.035,4.21598587704485e-290,"10","AT4G30610","BRS1"
0,3.82228888382086,0.292,0.04,0,"0","AT1G36640",NA
0,3.59532507767056,0.521,0.082,0,"0","AT3G61390","PUB36"
0,3.36063300397632,0.369,0.057,0,"0","AT1G51270",NA
0,3.30998585979596,0.332,0.052,0,"0","AT1G07560",NA
0,3.29550225514276,0.273,0.044,0,"0","AT2G28970",NA
0,3.24771727818084,0.319,0.053,0,"0","AT1G61560","ATMLO6"
0,3.2029024554951,0.655,0.132,0,"0","AT1G51830","SIF1"
0,3.1707161405611,0.297,0.058,0,"0","AT4G29340","AtPRF4"
0,3.15508339797922,0.253,0.044,0,"0","AT2G28990",NA
0,3.0645420941221,0.45,0.082,0,"0","AT1G73300","scpl2"
0,3.05247250511655,0.382,0.078,0,"0","AT3G09220","LAC7"
0,2.9569218823555,0.297,0.063,0,"0","AT1G51860",NA
0,2.95009012961182,0.321,0.059,0,"0","AT2G30840",NA
0,2.89273852979338,0.555,0.125,0,"0","AT3G12977","NAC1L"
0,2.88660063934437,0.349,0.067,0,"0","AT2G46430","ATCNGC3"
0,2.8791348055908,0.282,0.061,0,"0","AT5G45070","AtPP2-A8"
0,2.87252364833276,0.529,0.153,0,"0","AT5G15130","ATWRKY72"
0,2.8374948454645,0.287,0.065,0,"0","AT2G39410","MAGL7"
0,2.77934118301036,0.739,0.253,0,"0","AT2G29995",NA
0,2.75955471412019,0.275,0.065,0,"0","AT2G28960",NA
0,2.73620491572583,0.296,0.085,0,"0","AT3G56400","ATWRKY70"
0,2.72611395299933,0.329,0.098,0,"0","AT3G13480",NA
0,2.71850794972381,0.336,0.077,0,"0","AT5G07770","AtFH16"
0,2.71797844393338,0.349,0.077,0,"0","AT1G06983",NA
7.73263890958304e-219,2.70348081453941,0.252,0.089,2.5388573331834e-214,"0","AT3G51660","MDL3"
0,5.06301656853712,0.396,0.025,0,"1","AT1G65390","ATPP2-A5"
0,4.25958609029862,0.322,0.027,0,"1","AT3G46500",NA
0,3.89044029837678,0.45,0.064,0,"1","AT1G01320","FLL2"
0,3.84832324961597,0.262,0.029,0,"1","AT1G61810","BGLU45"
0,3.66565672794968,0.333,0.045,0,"1","AT4G15393","CYP702A5"
0,3.51807145641935,0.266,0.031,0,"1","AT1G02310","MAN1"
0,3.47093239311312,0.341,0.051,0,"1","AT4G33050","AtIQM1"
0,3.46893144159925,0.557,0.094,0,"1","AT4G30270","MERI-5"
0,3.35352482838985,0.376,0.065,0,"1","AT1G30370","DLAH"
0,3.29960091347573,0.271,0.042,0,"1","AT5G64890","PEP2"
0,3.18095136880818,0.53,0.109,0,"1","AT5G20230","ATBCB"
0,3.16850030923783,0.272,0.043,0,"1","AT3G51860","ATCAX3"
0,3.16743486393814,0.295,0.057,0,"1","AT2G23680",NA
0,3.15942175659083,0.428,0.088,0,"1","AT1G21110","IGMT3"
0,3.14292983835183,0.648,0.154,0,"1","AT1G66760",NA
1.86785538096573e-307,3.00159052317705,0.255,0.045,6.13272957232478e-303,"1","AT1G44350","ILL6"
0,2.9049119535041,0.428,0.088,0,"1","AT1G17420","ATLOX3"
0,2.86345698421641,0.818,0.389,0,"1","AT1G65970","PRXIIC"
0,2.86258190014576,0.523,0.136,0,"1","AT5G47560","ATSDAT"
0,2.83869567995113,0.894,0.39,0,"1","AT5G19240",NA
0,2.82523054112046,0.318,0.056,0,"1","AT3G07105",NA
0,2.8121059015272,0.481,0.115,0,"1","AT1G02850","BGLU11"
2.31545286598058e-214,2.65509781908631,0.253,0.063,7.60232639487404e-210,"1","AT4G12470","AZI1"
5.14688677685223e-187,2.62053892750908,0.26,0.074,1.68987733544389e-182,"1","AT3G18710","ATPUB29"
0,2.4490337040738,0.784,0.354,0,"1","AT5G01750",NA
0,3.31808261465932,0.622,0.085,0,"5","AT2G28790",NA
2.34841843433208e-306,3.04922707856117,0.273,0.041,7.71056224544251e-302,"5","AT3G30350","GLV3"
0,2.88251842266176,0.281,0.036,0,"5","AT1G29980",NA
0,2.8501904098123,0.603,0.107,0,"5","AT5G28640","AN3"
0,2.79290333190695,0.3,0.038,0,"5","AT1G46264","AT-HSFB4"
0,2.7002783248739,0.316,0.052,0,"5","AT3G53190",NA
0,2.65351239608077,0.327,0.053,0,"5","AT1G18250","ATLP-1"
4.09551990399411e-298,2.56872421022006,0.465,0.126,1.34468205007839e-293,"5","AT5G63660","LCR74"
3.61359963155709e-247,2.46540511631502,0.283,0.054,1.18645316702914e-242,"5","AT5G48360","FH9"
2.12892124074212e-313,2.45181546176466,0.409,0.091,6.98988710972859e-309,"5","AT1G73620",NA
3.95574016966076e-273,2.41590017812923,0.274,0.046,1.29878816990472e-268,"5","AT1G04520","PDLP2"
2.51821296501864e-295,2.41516097620114,0.349,0.07,8.26804862804571e-291,"5","AT2G12646","PLATZ7"
1.63214928543298e-264,2.39751690562734,0.304,0.057,5.3588357488621e-260,"5","AT1G73590","ATPIN1"
0,2.37504796011104,0.44,0.086,0,"5","AT2G23050","MEL4"
0,2.31247228379877,0.495,0.115,0,"5","AT3G15240",NA
1.7188686420148e-277,2.25060586175947,0.293,0.051,5.64356141232721e-273,"5","AT5G10170","ATMIPS3"
6.22718176727262e-223,2.23252293145193,0.332,0.079,2.04457058964862e-218,"5","AT5G48480",NA
1.30630281633104e-288,2.21523145956212,0.392,0.088,4.28898403685972e-284,"5","AT1G70710","ATGH9B1"
1.79558001649966e-247,2.19942608022175,0.306,0.062,5.89542786817333e-243,"5","AT3G17840","RLK902"
3.94286170868674e-246,2.18812227359295,0.363,0.087,1.29455978481312e-241,"5","AT4G24780","PLL19"
7.89360218700742e-224,2.12656912465293,0.268,0.052,2.59170640606015e-219,"5","AT5G56530",NA
1.18256676010017e-311,2.11937538082342,0.461,0.114,3.88272144343688e-307,"5","AT2G38810","H2A.Z"
9.50702283284157e-209,2.09816754455013,0.298,0.068,3.12144080670687e-204,"5","AT5G48940","RGFR2"
4.3176989168795e-235,2.08361718289558,0.313,0.067,1.41763008537905e-230,"5","AT4G28190","ULT"
1.36922918195282e-196,2.06696194935893,0.304,0.075,4.49559017310571e-192,"5","AT1G07370","ATPCNA1"
0,4.59879112242506,0.357,0.02,0,"8","AT3G60280","UCC3"
0,4.44920887498441,0.459,0.028,0,"8","AT4G25790","AtCAPE4"
0,4.44520336028945,0.349,0.019,0,"8","AT5G23030","TET12"
0,4.42005340648135,0.594,0.053,0,"8","AT5G04960","PME46"
0,4.36732169934902,0.412,0.024,0,"8","AT2G47530",NA
0,4.3360123978391,0.369,0.031,0,"8","AT2G20520","FLA6"
0,4.32164892067062,0.795,0.112,0,"8","AT1G62980","ATEXP18"
0,4.31466194734258,0.649,0.069,0,"8","AT5G19800","AtHRGP2"
0,4.30677559077549,0.875,0.169,0,"8","AT4G40090","AGP3"
0,4.30181964869938,0.443,0.028,0,"8","AT3G10710","PMEI-PME24"
0,4.29798488371876,0.336,0.028,0,"8","AT5G19560","ATROPGEF10"
0,4.28216397558821,0.277,0.018,0,"8","AT5G57540","AtXTH13"
0,4.26119073725818,0.461,0.038,0,"8","AT5G40860",NA
0,4.25031606785871,0.514,0.045,0,"8","AT5G22410","RHS18"
0,4.22502756248466,0.332,0.018,0,"8","AT5G61350","CAP1"
0,4.19808861548795,0.509,0.035,0,"8","AT5G24313",NA
0,4.16346062348906,0.921,0.251,0,"8","AT5G57625","AtCAPE5"
0,4.15962529859711,0.773,0.136,0,"8","AT1G12560","ATEXP7"
0,4.12652249375998,0.747,0.108,0,"8","AT5G67400","PRX73"
0,4.11458267345466,0.921,0.203,0,"8","AT5G05500","AtPRPL1"
0,4.09665308188846,0.643,0.075,0,"8","AT1G48930","AtGH9C1"
0,4.08818584525422,0.45,0.038,0,"8","AT5G61650","CYCP4"
0,4.08764990650248,0.355,0.028,0,"8","AT5G57530","AtXTH12"
0,4.07546896315781,0.543,0.059,0,"8","AT4G08410","EXT8"
0,4.06777574636602,0.444,0.031,0,"8","AT4G29180","RHS16"
0,6.52944375317138,0.357,0.019,0,"12","AT5G55110",NA
0,6.17481816227496,0.525,0.076,0,"12","AT5G60530",NA
0,5.98023013517552,0.386,0.045,0,"12","AT1G52070",NA
1.08694442085074e-322,5.81693465314856,0.251,0.023,3.56876461697924e-318,"12","AT1G52060",NA
1.08694442085074e-322,5.76527481969894,0.253,0.023,3.56876461697924e-318,"12","AT1G52050",NA
0,5.67478689044586,0.377,0.022,0,"12","AT1G10530",NA
0,5.65436935235789,0.35,0.034,0,"12","AT3G03500",NA
0,5.58614183123081,0.25,0.009,0,"12","AT1G79580","ANAC033"
3.34927607738353e-274,5.40582162802723,0.436,0.093,1.09966781448734e-269,"12","AT5G54370",NA
0,5.18242176916794,0.405,0.03,0,"12","AT5G60520",NA
0,4.88898438680836,0.387,0.036,0,"12","AT4G37160","sks15"
0,4.36262855469639,0.564,0.096,0,"12","AT1G36060","ERF55"
1.48946891616054e-253,4.25440292668774,0.274,0.036,4.89037329242992e-249,"12","AT1G78520",NA
0,4.19346112357087,0.565,0.128,0,"12","AT5G10130",NA
3.79489277501948e-193,3.8342614403581,0.346,0.077,1.24597714482215e-188,"12","AT1G54010","GLL23"
8.49390978875695e-210,3.72795153194564,0.32,0.061,2.78880540094257e-205,"12","AT4G23590",NA
7.58801926192035e-250,3.59594296721484,0.449,0.107,2.49137436426631e-245,"12","AT1G33750","TPS22"
3.95012417905983e-128,3.49053521322649,0.264,0.063,1.29694427171071e-123,"12","AT1G56680",NA
4.66695374859904e-121,3.37223151883137,0.289,0.079,1.53230092427752e-116,"12","AT1G22400","ATUGT85A1"
1.43759710736973e-134,3.18183516103894,0.32,0.088,4.72006258262702e-130,"12","AT5G10510","AIL6"
2.17651716060179e-98,3.03209403837211,0.425,0.191,7.14615879340385e-94,"12","AT5G66280","GMD1"
2.27819549625329e-215,2.92438100387898,0.779,0.463,7.47999927284843e-211,"12","AT2G43610",NA
1.13682151341892e-179,2.73670091772316,0.587,0.248,3.73252607500833e-175,"12","AT3G23050","AXR2"
9.41868801280277e-103,2.73660085312419,0.322,0.108,3.09243783524353e-98,"12","AT2G28760","UXS6"
1.80625158853287e-94,2.73372125365175,0.365,0.146,5.93046584062997e-90,"12","AT2G47140","AtSDR5"
0,5.99484796502613,0.462,0.009,0,"7","AT1G63100","SCL28"
0,5.95123512953489,0.574,0.019,0,"7","AT5G13840","CCS52B"
0,5.91062626024716,0.29,0.005,0,"7","AT1G78865",NA
0,5.82772669095205,0.428,0.015,0,"7","AT4G33260","AtCDC20.2"
0,5.74913472593274,0.532,0.028,0,"7","AT4G33270","AtCDC20.1"
0,5.54391507966428,0.471,0.016,0,"7","AT5G56120",NA
0,5.53689833362195,0.322,0.006,0,"7","AT3G05330","ATN"
0,5.51469170936192,0.474,0.018,0,"7","AT3G51740","IMK2"
0,5.50627451131766,0.309,0.005,0,"7","AT3G15550",NA
0,5.50492940165145,0.329,0.007,0,"7","AT3G56100","IMK3"
0,5.49893487801489,0.38,0.008,0,"7","AT3G55660","ATROPGEF6"
0,5.44859484182123,0.586,0.038,0,"7","AT3G02640",NA
0,5.40874135413481,0.415,0.019,0,"7","AT3G12870",NA
0,5.38008579602766,0.578,0.038,0,"7","AT2G25060","AtENODL14"
0,5.37676407433768,0.376,0.012,0,"7","AT3G61118",NA
0,5.30894393844775,0.687,0.06,0,"7","AT5G16250",NA
0,5.29726106038014,0.519,0.033,0,"7","AT5G25090","AtENODL13"
0,5.2776972608593,0.37,0.008,0,"7","AT2G16270",NA
0,5.273327544859,0.279,0.005,0,"7","AT1G05440",NA
0,5.25734554897564,0.562,0.024,0,"7","AT3G51280",NA
0,5.25405555939024,0.352,0.007,0,"7","AT2G17620","CYCB2;1"
0,5.18414980832307,0.442,0.012,0,"7","AT1G03780","AtTPX2"
0,5.15717397697861,0.695,0.058,0,"7","AT1G08560","ATSYP111"
0,5.14706398312092,0.466,0.013,0,"7","AT4G14330","PAKRP2"
0,5.13563940971264,0.478,0.016,0,"7","AT1G02730","ATCSLD5"
0,7.86134280735991,0.475,0.009,0,"13","AT3G24460",NA
0,7.85050906936383,0.344,0.009,0,"13","AT1G03920","NDR2"
0,7.34072338744101,0.436,0.014,0,"13","AT1G43020",NA
0,7.16866586373901,0.52,0.014,0,"13","AT3G24463",NA
0,6.69028781582487,0.422,0.016,0,"13","AT4G21340","B70"
0,6.61017692010434,0.43,0.014,0,"13","AT2G22620","RGIL6"
0,6.58199957734099,0.522,0.027,0,"13","AT5G65530","AtRLCK"
0,6.32309658970559,0.254,0.007,0,"13","AT2G44480","BGLU17"
0,6.2830953757409,0.251,0.01,0,"13","AT5G10278",NA
0,6.25370355341552,0.799,0.075,0,"13","AT3G11550","CASP2"
0,6.13155248681353,0.43,0.026,0,"13","AT5G52790",NA
0,6.10012564096373,0.399,0.019,0,"13","AT2G37950",NA
0,6.095245551646,0.749,0.092,0,"13","AT2G40113",NA
0,6.04938597842467,0.402,0.022,0,"13","AT4G26140","BGAL12"
0,6.02520532119998,0.902,0.121,0,"13","AT5G42180","PER64"
0,5.99224128658108,0.821,0.103,0,"13","AT2G32300","UCC1"
0,5.97823719415372,0.662,0.06,0,"13","AT2G27370","CASP3"
0,5.87832656004124,0.271,0.012,0,"13","AT2G15300",NA
0,5.82843204983001,0.369,0.015,0,"13","AT5G15290","CASP5"
0,5.7953668332662,0.584,0.045,0,"13","AT5G06200","CASP4"
0,5.72536759052791,0.458,0.034,0,"13","AT1G44970","PER9"
0,5.69301048855684,0.754,0.076,0,"13","AT2G30210","LAC3"
0,5.68131684876279,0.964,0.221,0,"13","AT2G36100","CASP1"
0,5.65067771901645,0.804,0.098,0,"13","AT2G39430",NA
0,5.62225493640047,0.916,0.155,0,"13","AT3G24020",NA
0,10.2256151937881,0.297,0.001,0,"16","AT5G55590","QRT1"
0,10.1572970521595,0.505,0.002,0,"16","AT5G41570","ATWRKY24"
0,10.1478560241452,0.315,0.001,0,"16","AT3G04370","PDLP4"
0,9.99183131542429,0.559,0.006,0,"16","AT5G37690",NA
0,9.64863860597837,0.324,0.002,0,"16","AT1G49960",NA
0,9.27461760026534,0.73,0.008,0,"16","AT2G35380",NA
0,9.19253919144766,0.505,0.003,0,"16","AT2G38110","ATGPAT6"
0,8.8021553113923,0.477,0.003,0,"16","AT4G24140",NA
0,8.61873177133283,0.324,0.002,0,"16","AT2G46130","ATWRKY43"
0,8.3383665175258,0.649,0.01,0,"16","AT5G58860","CYP86"
0,8.2713841524851,0.27,0.002,0,"16","AT1G29000","AtHMP06"
0,8.21070531652557,0.252,0.002,0,"16","AT1G73410","ATMYB54"
0,8.17807218177717,0.55,0.006,0,"16","AT2G40370","LAC5"
0,8.17181541963511,0.757,0.019,0,"16","AT2G23540",NA
0,8.12793885314857,0.604,0.007,0,"16","AT1G68850",NA
0,8.01095025201496,0.649,0.008,0,"16","AT3G44540","FAR4"
0,7.95871833079112,0.459,0.007,0,"16","AT2G03200","ASPR1"
0,7.87489461250769,0.459,0.005,0,"16","AT1G64000","ATWRKY56"
0,7.85572792815598,0.532,0.007,0,"16","AT3G11430","ATGPAT5"
0,7.83282654900162,0.667,0.017,0,"16","AT5G44550","CASPL1B1"
0,7.8191863860957,0.261,0.004,0,"16","AT1G78990",NA
0,7.80218949551038,0.423,0.006,0,"16","AT2G43390",NA
0,7.70909023164924,0.775,0.029,0,"16","AT2G22510",NA
0,7.53809360510321,0.568,0.015,0,"16","AT5G09480",NA
0,7.51610288718939,0.405,0.005,0,"16","AT1G49430","LACS2"
0,7.40588620351158,0.572,0.011,0,"15","AT4G20240","CYP71A27"
0,7.38901946100968,0.358,0.005,0,"15","AT5G27690","AtHMP49"
0,7.22030805440711,0.532,0.014,0,"15","AT5G63850","AAP4"
0,7.12893596188375,0.283,0.004,0,"15","AT4G01600",NA
0,6.79909449305648,0.705,0.025,0,"15","AT5G64240","AtMC3"
0,6.79605186882517,0.272,0.005,0,"15","AT3G04300",NA
0,6.73790239930867,0.347,0.009,0,"15","AT1G59730","ATH7"
0,6.73143788057862,0.335,0.006,0,"15","AT3G21600",NA
0,6.7128518026421,0.491,0.012,0,"15","AT2G16740","UBC29"
0,6.68488046254627,0.705,0.037,0,"15","AT2G27550","ATC"
0,6.5972881243074,0.376,0.008,0,"15","AT5G57350","AHA3"
0,6.42680833095171,0.694,0.025,0,"15","AT4G19840","AN5"
0,6.42554084033093,0.595,0.026,0,"15","AT1G11450","UMAMIT27"
0,6.36041568614394,0.613,0.025,0,"15","AT4G36410","UBC17"
0,6.3016216160984,0.879,0.054,0,"15","AT5G09220","AAP2"
0,6.2800146898194,0.751,0.05,0,"15","AT5G04080","AthCYSTM12"
1.58352711115743e-310,6.10516386179896,0.289,0.007,5.19919456406319e-306,"15","AT1G79430","APL"
1.2264335907562e-269,6.06303014233311,0.416,0.02,4.02674940852984e-265,"15","AT4G00670",NA
0,6.05686465569044,0.572,0.026,0,"15","AT5G22090","EAR1"
0,5.99727037694271,0.422,0.014,0,"15","AT1G75820","ATCLV1"
0,5.98188833019781,0.434,0.016,0,"15","AT5G02600","AtHMP42"
0,5.93847193207474,0.688,0.031,0,"15","AT5G10625",NA
4.88696958974254e-250,5.76053659906749,0.347,0.015,1.60453872540017e-245,"15","AT1G22710","ATSUC2"
0,5.66882493159823,0.561,0.028,0,"15","AT4G14020",NA
8.32221181105386e-225,5.60057340183667,0.41,0.023,2.73243180392332e-220,"15","AT1G12010","ACO3"
