"new_population","old_population","shared_cells","fraction_of_new","cell_Jaccard","old_DEGs","new_DEGs","common_fitted","logFC_spearman","shared_DEGs","DEG_Jaccard"
"Atrichoblast_lineage","Atrichoblast",981,0.162229204564247,0.154439546599496,687,1558,17859,0.785556627359612,488,0.277746158224246
"Atrichoblast_lineage","LRC_like",3226,0.533487679841244,0.394328321721061,524,1558,19392,0.399568522742624,269,0.148372862658577
"Cortex_lineage","Cortex",805,0.339090143218197,0.309615384615385,259,1460,17108,0.769170030283643,225,0.150602409638554
"Cortex_lineage","LRC_like",1398,0.588879528222409,0.220643939393939,524,1460,18365,0.301787191878198,194,0.108379888268156
"Dividing_meristematic","Dividing_meristematic",1026,0.931034482758621,0.814285714285714,410,395,17831,0.945017779804841,334,0.709129511677282
"Endodermis_lineage","Endodermis",280,0.136319376825706,0.132701421800948,104,524,13559,0.579000615913431,93,0.173831775700935
"Endodermis_lineage","Endodermis_like",1579,0.768743914313535,0.68207343412527,504,524,16969,0.857995778865016,412,0.668831168831169
"Epidermal_initial_like","Dividing_S_phase",301,0.242546333601934,0.162439287641662,214,403,17196,0.709035156917187,177,0.402272727272727
"Epidermal_initial_like","Epidermal_like",186,0.149879129734085,0.0796573875802998,535,403,17010,0.622464357680045,256,0.375366568914956
"Epidermal_initial_like","Initial_like",620,0.499597099113618,0.179814385150812,443,403,17740,0.710109774612481,241,0.398347107438017
"Meristematic_unresolved","Dividing_S_phase",361,0.138846153846154,0.114530456852792,214,504,17510,0.678593901232007,154,0.273049645390071
"Meristematic_unresolved","Initial_like",1603,0.616538461538462,0.419194560669456,443,504,18897,0.833355680290856,348,0.580968280467446
"Pericycle","Pericycle",1695,0.734402079722704,0.687069314957438,663,637,17450,0.872977466544687,503,0.631116687578419
"Pericycle","Unresolved_transition",324,0.140381282495667,0.11246095105866,96,637,13811,0.542480125560529,57,0.0843195266272189
"Root_cap","Columella",775,0.885714285714286,0.79650565262076,151,148,15281,0.899652889426301,127,0.738372093023256
"Trichoblast_lineage","Epidermal_like",923,0.434557438794727,0.372027408303104,535,1748,17579,0.803604935392214,495,0.276845637583893
"Trichoblast_lineage","Trichoblast",1063,0.500470809792844,0.314869668246446,739,1748,18549,0.65790757339819,455,0.223917322834646
