"branch","cell_population","P1_fitted","P1_finite_padj","P1_DEG","up","down","percent_fitted"
"harmony","Atrichoblast_lineage",122,106,26,15,11,21.3114754098361
"harmony","Cortex_lineage",123,109,21,8,13,17.0731707317073
"harmony","Dividing_meristematic",95,77,13,13,0,13.6842105263158
"harmony","Endodermis_lineage",111,70,9,2,7,8.10810810810811
"harmony","Epidermal_initial_like",101,78,11,10,1,10.8910891089109
"harmony","Meristematic_unresolved",98,74,12,10,2,12.2448979591837
"harmony","Pericycle",117,78,19,6,13,16.2393162393162
"harmony","Procambium_like",110,81,8,5,3,7.27272727272727
"harmony","Root_cap",93,51,5,2,3,5.3763440860215
"harmony","Trichoblast_lineage",116,93,27,19,8,23.2758620689655
"pca","Atrichoblast_lineage",122,108,26,18,8,21.3114754098361
"pca","Cortex_lineage",119,87,19,13,6,15.9663865546218
"pca","Dividing_meristematic",94,73,14,14,0,14.8936170212766
"pca","Endodermis_lineage",111,69,11,3,8,9.90990990990991
"pca","Epidermal_initial_like",99,70,11,9,2,11.1111111111111
"pca","Meristematic_unresolved",107,87,17,16,1,15.8878504672897
"pca","Pericycle",120,97,19,6,13,15.8333333333333
"pca","Root_cap",93,56,5,2,3,5.3763440860215
"pca","Trichoblast_lineage",115,102,30,22,8,26.0869565217391
