"branch","cell_population","universe","test","set_DEG","set_not_DEG","bg_DEG","bg_not_DEG","odds_ratio","CI_low","CI_high","pvalue","BH"
"harmony","Atrichoblast_lineage","finite_padj_primary","interaction_vs_background",26,80,1520,15245,3.25925757481725,2.00274004546906,5.14770882236104,2.42210732362224e-06,4.0368455393704e-06
"harmony","Cortex_lineage","finite_padj_primary","interaction_vs_background",21,88,825,15642,4.52374231931305,2.65430086989244,7.39110112635494,1.22389180182221e-07,3.05972950455552e-07
"harmony","Dividing_meristematic","finite_padj_primary","interaction_vs_background",13,64,375,15047,8.1477992384337,4.07972566713124,15.0981305360498,5.34816403016713e-08,1.78272134338904e-07
"harmony","Endodermis_lineage","finite_padj_primary","interaction_vs_background",9,61,430,10053,3.4486334895614,1.49554976970929,7.04543168200163,0.00234705406087032,0.00234705406087032
"harmony","Epidermal_initial_like","finite_padj_primary","interaction_vs_background",11,67,429,14668,5.61141261762315,2.65470789604712,10.7977773738107,1.45342042196003e-05,2.07631488851433e-05
"harmony","Meristematic_unresolved","finite_padj_primary","interaction_vs_background",12,62,304,14516,9.23688120040642,4.4831686672142,17.5335818157335,4.56956535964117e-08,1.78272134338904e-07
"harmony","Pericycle","finite_padj_primary","interaction_vs_background",19,59,611,11254,5.92963709030668,3.31643789511644,10.1675045287039,1.44545171236121e-08,1.44545171236121e-07
"harmony","Procambium_like","finite_padj_primary","interaction_vs_background",8,73,231,12780,6.06083604858908,2.49294159108696,12.7795549336235,0.000111987859073276,0.000139984823841595
"harmony","Root_cap","finite_padj_primary","interaction_vs_background",5,46,150,8396,6.08078777559819,1.85934314811388,15.5471145327712,0.002150484100312,0.00234705406087032
"harmony","Trichoblast_lineage","finite_padj_primary","interaction_vs_background",27,66,1505,13374,3.63483121880036,2.22538987824643,5.78853895700312,3.56260723083373e-07,7.12521446166746e-07
"pca","Atrichoblast_lineage","finite_padj_primary","interaction_vs_background",26,82,1532,15835,3.27696149776552,2.01626559868926,5.16697363174098,2.12586892537622e-06,3.82656406567719e-06
"pca","Cortex_lineage","finite_padj_primary","interaction_vs_background",19,68,1441,12273,2.3795049231084,1.34677648136147,4.018357843112,0.00160069418333735,0.00176541302630125
"pca","Dividing_meristematic","finite_padj_primary","interaction_vs_background",14,59,381,14663,9.12821335996084,4.66396703661547,16.7346094051801,5.00660387779223e-09,2.2529717450065e-08
"pca","Endodermis_lineage","finite_padj_primary","interaction_vs_background",11,58,513,10024,3.70481867581613,1.74258224524148,7.18424303238942,0.000518490439898601,0.000666630565583915
"pca","Epidermal_initial_like","finite_padj_primary","interaction_vs_background",11,59,392,13858,6.58883804329353,3.09621498427789,12.7903027933087,3.7228276746043e-06,5.58424151190646e-06
"pca","Meristematic_unresolved","finite_padj_primary","interaction_vs_background",17,70,487,15521,7.73866483998642,4.23529415363611,13.4103437534582,1.33644734651133e-09,1.2028026118602e-08
"pca","Pericycle","finite_padj_primary","interaction_vs_background",19,78,618,13985,5.51021481041538,3.13009720760528,9.26235946189729,2.8264749574478e-08,8.47942487234341e-08
"pca","Root_cap","finite_padj_primary","interaction_vs_background",5,51,143,9256,6.34251511261379,1.94653068535966,16.136043461437,0.00176541302630125,0.00176541302630125
"pca","Trichoblast_lineage","finite_padj_primary","interaction_vs_background",30,72,1718,14303,3.46848770268568,2.17991814059771,5.39804875221227,2.13348036117352e-07,4.80033081264041e-07
