"ID","Description","SYMBOL","TAIR"
"GO:0009694","jasmonic acid metabolic process","CYP94B3","AT3G48520"
"GO:0009694","jasmonic acid metabolic process","DALL5","AT2G31690"
"GO:0009694","jasmonic acid metabolic process","ATLOX3","AT1G17420"
"GO:0009694","jasmonic acid metabolic process","ACL","AT2G23600"
"GO:0001676","long-chain fatty acid metabolic process","CYP94B3","AT3G48520"
"GO:0001676","long-chain fatty acid metabolic process","DALL5","AT2G31690"
"GO:0001676","long-chain fatty acid metabolic process","ATLOX3","AT1G17420"
"GO:0001676","long-chain fatty acid metabolic process","ACL","AT2G23600"
"GO:0009409","response to cold","ATDGK2","AT5G63770"
"GO:0009409","response to cold","ATBCB","AT5G20230"
"GO:0009409","response to cold","ATECP63","AT2G36640"
"GO:0009409","response to cold","KIN1","AT5G15960"
"GO:0009409","response to cold","LTI30","AT3G50970"
"GO:0009409","response to cold","STMP6","AT1G65500"
"GO:0009409","response to cold","AtGolS2","AT1G56600"
"GO:0009631","cold acclimation","ATECP63","AT2G36640"
"GO:0009631","cold acclimation","KIN1","AT5G15960"
"GO:0009631","cold acclimation","LTI30","AT3G50970"
"GO:0009414","response to water deprivation","KIN1","AT5G15960"
"GO:0009414","response to water deprivation","ANAC019","AT1G52890"
"GO:0009414","response to water deprivation","LTI30","AT3G50970"
"GO:0009414","response to water deprivation","STMP6","AT1G65500"
"GO:0009414","response to water deprivation","ANAC072","AT4G27410"
"GO:0009414","response to water deprivation","AtGolS2","AT1G56600"
"GO:0009415","response to water","KIN1","AT5G15960"
"GO:0009415","response to water","ANAC019","AT1G52890"
"GO:0009415","response to water","LTI30","AT3G50970"
"GO:0009415","response to water","STMP6","AT1G65500"
"GO:0009415","response to water","ANAC072","AT4G27410"
"GO:0009415","response to water","AtGolS2","AT1G56600"
"GO:0001101","response to acid chemical","KIN1","AT5G15960"
"GO:0001101","response to acid chemical","ANAC019","AT1G52890"
"GO:0001101","response to acid chemical","LTI30","AT3G50970"
"GO:0001101","response to acid chemical","STMP6","AT1G65500"
"GO:0001101","response to acid chemical","ANAC072","AT4G27410"
"GO:0001101","response to acid chemical","AtGolS2","AT1G56600"
