"a","b","ARI"
"pca_10","pca_10",1
"pca_10","pca_15",0.572727632783528
"pca_10","pca_20",0.536407869281193
"pca_10","pca_25",0.548378965632869
"pca_10","pca_30",0.530727743723182
"pca_10","pca_40",0.493655259516104
"pca_10","pca_50",0.47389839173983
"pca_10","harmony_10",0.562884078404493
"pca_10","harmony_15",0.494745781383941
"pca_10","harmony_20",0.46946710209211
"pca_10","harmony_25",0.482114552233743
"pca_10","harmony_30",0.481629185956152
"pca_10","harmony_40",0.444485290558493
"pca_10","harmony_50",0.42953433754614
"pca_15","pca_10",0.572727632783528
"pca_15","pca_15",1
"pca_15","pca_20",0.766549342913237
"pca_15","pca_25",0.748655779959608
"pca_15","pca_30",0.724844587708389
"pca_15","pca_40",0.622580329214631
"pca_15","pca_50",0.598549122051194
"pca_15","harmony_10",0.463564817097218
"pca_15","harmony_15",0.587195790590348
"pca_15","harmony_20",0.557480613756551
"pca_15","harmony_25",0.559831874035094
"pca_15","harmony_30",0.556089085214418
"pca_15","harmony_40",0.515553693252203
"pca_15","harmony_50",0.505926062311265
"pca_20","pca_10",0.536407869281193
"pca_20","pca_15",0.766549342913237
"pca_20","pca_20",1
"pca_20","pca_25",0.809340789333748
"pca_20","pca_30",0.769835972332185
"pca_20","pca_40",0.660674880601318
"pca_20","pca_50",0.636172584416865
"pca_20","harmony_10",0.451061419693607
"pca_20","harmony_15",0.579515894193626
"pca_20","harmony_20",0.608216330908135
"pca_20","harmony_25",0.581484077049917
"pca_20","harmony_30",0.565530580165689
"pca_20","harmony_40",0.520732012587799
"pca_20","harmony_50",0.519445623519658
"pca_25","pca_10",0.548378965632869
"pca_25","pca_15",0.748655779959608
"pca_25","pca_20",0.809340789333748
"pca_25","pca_25",1
"pca_25","pca_30",0.880156912785696
"pca_25","pca_40",0.709438581864388
"pca_25","pca_50",0.678294948376392
"pca_25","harmony_10",0.465880762298069
"pca_25","harmony_15",0.590913032850649
"pca_25","harmony_20",0.587012996359347
"pca_25","harmony_25",0.622247082583158
"pca_25","harmony_30",0.609238243837695
"pca_25","harmony_40",0.556858601763202
"pca_25","harmony_50",0.552910619664723
"pca_30","pca_10",0.530727743723182
"pca_30","pca_15",0.724844587708389
"pca_30","pca_20",0.769835972332185
"pca_30","pca_25",0.880156912785696
"pca_30","pca_30",1
"pca_30","pca_40",0.728975340953781
"pca_30","pca_50",0.705587508551841
"pca_30","harmony_10",0.460991182213594
"pca_30","harmony_15",0.590275628384984
"pca_30","harmony_20",0.587760580881748
"pca_30","harmony_25",0.619817496102998
"pca_30","harmony_30",0.638595474386722
"pca_30","harmony_40",0.582689472371281
"pca_30","harmony_50",0.578683671844774
"pca_40","pca_10",0.493655259516104
"pca_40","pca_15",0.622580329214631
"pca_40","pca_20",0.660674880601318
"pca_40","pca_25",0.709438581864388
"pca_40","pca_30",0.728975340953781
"pca_40","pca_40",1
"pca_40","pca_50",0.887417140475516
"pca_40","harmony_10",0.514839707332338
"pca_40","harmony_15",0.632966386661965
"pca_40","harmony_20",0.637153488905914
"pca_40","harmony_25",0.664686812299426
"pca_40","harmony_30",0.677606521454486
"pca_40","harmony_40",0.653305077210623
"pca_40","harmony_50",0.65557328216225
"pca_50","pca_10",0.47389839173983
"pca_50","pca_15",0.598549122051194
"pca_50","pca_20",0.636172584416865
"pca_50","pca_25",0.678294948376392
"pca_50","pca_30",0.705587508551841
"pca_50","pca_40",0.887417140475516
"pca_50","pca_50",1
"pca_50","harmony_10",0.505183840183068
"pca_50","harmony_15",0.626192763931802
"pca_50","harmony_20",0.629509596437784
"pca_50","harmony_25",0.651484414676032
"pca_50","harmony_30",0.667615726977679
"pca_50","harmony_40",0.657583614192788
"pca_50","harmony_50",0.67012420112228
"harmony_10","pca_10",0.562884078404493
"harmony_10","pca_15",0.463564817097218
"harmony_10","pca_20",0.451061419693607
"harmony_10","pca_25",0.465880762298069
"harmony_10","pca_30",0.460991182213594
"harmony_10","pca_40",0.514839707332338
"harmony_10","pca_50",0.505183840183068
"harmony_10","harmony_10",1
"harmony_10","harmony_15",0.680598171093
"harmony_10","harmony_20",0.628131765619219
"harmony_10","harmony_25",0.637003098522791
"harmony_10","harmony_30",0.617351857546559
"harmony_10","harmony_40",0.56683897104581
"harmony_10","harmony_50",0.553113367263909
"harmony_15","pca_10",0.494745781383941
"harmony_15","pca_15",0.587195790590348
"harmony_15","pca_20",0.579515894193626
"harmony_15","pca_25",0.590913032850649
"harmony_15","pca_30",0.590275628384984
"harmony_15","pca_40",0.632966386661965
"harmony_15","pca_50",0.626192763931802
"harmony_15","harmony_10",0.680598171093
"harmony_15","harmony_15",1
"harmony_15","harmony_20",0.860892950853008
"harmony_15","harmony_25",0.851613084164616
"harmony_15","harmony_30",0.821103443093463
"harmony_15","harmony_40",0.747112462529137
"harmony_15","harmony_50",0.731038416606908
"harmony_20","pca_10",0.46946710209211
"harmony_20","pca_15",0.557480613756551
"harmony_20","pca_20",0.608216330908135
"harmony_20","pca_25",0.587012996359347
"harmony_20","pca_30",0.587760580881748
"harmony_20","pca_40",0.637153488905914
"harmony_20","pca_50",0.629509596437784
"harmony_20","harmony_10",0.628131765619219
"harmony_20","harmony_15",0.860892950853008
"harmony_20","harmony_20",1
"harmony_20","harmony_25",0.885821697385332
"harmony_20","harmony_30",0.85715984529025
"harmony_20","harmony_40",0.778855910606644
"harmony_20","harmony_50",0.755039501340172
"harmony_25","pca_10",0.482114552233743
"harmony_25","pca_15",0.559831874035094
"harmony_25","pca_20",0.581484077049917
"harmony_25","pca_25",0.622247082583158
"harmony_25","pca_30",0.619817496102998
"harmony_25","pca_40",0.664686812299426
"harmony_25","pca_50",0.651484414676032
"harmony_25","harmony_10",0.637003098522791
"harmony_25","harmony_15",0.851613084164616
"harmony_25","harmony_20",0.885821697385332
"harmony_25","harmony_25",1
"harmony_25","harmony_30",0.90337715366037
"harmony_25","harmony_40",0.814884032473836
"harmony_25","harmony_50",0.788048799961298
"harmony_30","pca_10",0.481629185956152
"harmony_30","pca_15",0.556089085214418
"harmony_30","pca_20",0.565530580165689
"harmony_30","pca_25",0.609238243837695
"harmony_30","pca_30",0.638595474386722
"harmony_30","pca_40",0.677606521454486
"harmony_30","pca_50",0.667615726977679
"harmony_30","harmony_10",0.617351857546559
"harmony_30","harmony_15",0.821103443093463
"harmony_30","harmony_20",0.85715984529025
"harmony_30","harmony_25",0.90337715366037
"harmony_30","harmony_30",1
"harmony_30","harmony_40",0.865061913954853
"harmony_30","harmony_50",0.806279899982046
"harmony_40","pca_10",0.444485290558493
"harmony_40","pca_15",0.515553693252203
"harmony_40","pca_20",0.520732012587799
"harmony_40","pca_25",0.556858601763202
"harmony_40","pca_30",0.582689472371281
"harmony_40","pca_40",0.653305077210623
"harmony_40","pca_50",0.657583614192788
"harmony_40","harmony_10",0.56683897104581
"harmony_40","harmony_15",0.747112462529137
"harmony_40","harmony_20",0.778855910606644
"harmony_40","harmony_25",0.814884032473836
"harmony_40","harmony_30",0.865061913954853
"harmony_40","harmony_40",1
"harmony_40","harmony_50",0.887956423818915
"harmony_50","pca_10",0.42953433754614
"harmony_50","pca_15",0.505926062311265
"harmony_50","pca_20",0.519445623519658
"harmony_50","pca_25",0.552910619664723
"harmony_50","pca_30",0.578683671844774
"harmony_50","pca_40",0.65557328216225
"harmony_50","pca_50",0.67012420112228
"harmony_50","harmony_10",0.553113367263909
"harmony_50","harmony_15",0.731038416606908
"harmony_50","harmony_20",0.755039501340172
"harmony_50","harmony_25",0.788048799961298
"harmony_50","harmony_30",0.806279899982046
"harmony_50","harmony_40",0.887956423818915
"harmony_50","harmony_50",1
