"population_sample","Atlas1","Atlas2","Atlas3","Atlas4","Atlas5","Atlas6","Atlas7","Atlas8","Atlas9","Atlas10","Atlas11","Atlas12","Atlas13","Atlas14"
"Atrichoblast_lineage | control_rep1",0.153347196488894,0.0295985773035926,-0.0217489971350994,-0.0759949219112318,0.0700346022308126,0.0295626202999133,-0.0126743457171521,-0.0588573680650418,0.0315728096353894,-0.0110551640484269,-0.0110604747207806,-0.0168246892566122,-0.0924980836526467,-0.0293325668554748
"Atrichoblast_lineage | control_rep2",0.147028281716451,0.0100154415484616,-0.037970231887522,-0.0738119313617115,0.0196793475942701,0.0287393527712939,-0.0157619705489491,-0.0512315505425168,0.0226024410799343,-0.0180218838876685,-0.02377468911167,-0.0133871311152899,-0.0923633559631216,-0.0378230830214136
"Atrichoblast_lineage | stress_rep1",0.181136634815369,0.0359479843986993,-0.00306826841583662,-0.047263315188663,0.00366597666895309,0.0559614314332999,-0.0115515139949097,-0.021044838311127,0.0372277759210565,-0.00754834495286594,-0.0211523173351661,-0.0164429585594338,-0.0240792780754567,-0.00895591204090899
"Atrichoblast_lineage | stress_rep2",0.178909548004095,0.0360012678234746,-0.00358501344981332,-0.047207862754883,0.00418656142772254,0.0581313923911765,-0.0120456027202409,-0.0254474848113273,0.0282924893390805,-0.0076015122267396,-0.0197029033260219,-0.015734152760836,-0.0217223083653204,-0.0117112187364457
"Cortex_lineage | control_rep1",-0.0284287043116837,0.00909284131210572,0.270500039452026,0.029091961179451,-0.0151407816448688,0.035175410349825,-0.0080959505471392,-0.0259740370055837,0.0950679101380094,-0.00600790395296604,0.000344326168784722,-0.0104006114323668,-0.129871889215439,-0.0234763389696438
"Cortex_lineage | control_rep2",-0.0400504963407105,-0.023369432551471,0.284142836213193,0.0745162189861027,-0.0200619146239916,0.0387746341210833,-0.00833761442326618,-0.0127603971856005,0.0971131496650101,-0.00590662709537253,-0.00458110074066003,-0.00855862242137104,-0.135344895327866,-0.0183355398607982
"Cortex_lineage | stress_rep1",0.0465522542731419,0.0159918244997179,0.17755528649519,-0.012936364273517,-0.0148264930870859,0.036345691510431,-0.0162167304496344,-0.0122753321955593,0.0368592762207497,-0.0108728022947407,-0.0220095469737298,-0.0165706784491663,-0.0619433704963419,-0.00653858958642015
"Cortex_lineage | stress_rep2",0.050131799762117,0.0147490409681033,0.170890989114873,-0.0102060335942849,-0.0116137293893431,0.0386044560339289,-0.0153296932803041,-0.0134589480949083,0.0320334237899698,-0.0124137539209747,-0.0207159378453949,-0.0186974528171651,-0.0632181970214612,-0.00601679410583075
"Dividing_meristematic | control_rep1",-0.127248761380183,-0.100155344366973,-0.13426407028827,-0.0634636789816256,-0.0159572960939539,0.0275384513964831,0.00553109938053693,-0.0507461198955518,0.00754304144121324,0.00678840060875822,-0.0291024783950682,0.0341789423753662,-0.155746489511443,0.0840137904300055
"Dividing_meristematic | control_rep2",-0.117160482924814,-0.106669646817101,-0.124396976129378,-0.0670532964118373,-0.0251038478847544,0.0320532273987263,-0.00122574794355702,-0.0418340471694404,0.0183370562566648,0.00426883381115402,-0.0274619543213972,0.0450422805706206,-0.14553416087363,0.07679863999879
"Dividing_meristematic | stress_rep1",-0.0706313708627459,-0.083631416768521,-0.0887199950648695,-0.0463690705923764,0.00424385763647952,0.0380501151837392,0.00137363763128433,-0.0160252030339476,0.0205990758975184,0.00693760795859871,-0.0210587988177703,0.0351812683417647,-0.0887857427723345,0.0685299574849854
"Dividing_meristematic | stress_rep2",-0.0555379737578614,-0.0784598535572601,-0.08082844299579,-0.0464163244188792,-0.00437933123097279,0.0329837046787869,0.00650594415925345,-0.0166767747562583,0.0185962020670694,0.00153665986656147,-0.0195200757819089,0.0244197928244886,-0.0893775030256613,0.0704720915831519
"Endodermis_lineage | control_rep1",0.0172105113511293,0.00864711514292185,-0.0370171853912132,0.115776895741158,-0.0262167949297369,0.0321071896988543,-0.0122299764427458,0.0201666708424164,0.055471600860806,-0.0133590949198713,-0.021282723106894,-0.0106823536722502,-0.085362935809543,-0.00784429356043556
"Endodermis_lineage | control_rep2",-0.0152566674837382,-0.0152032100039956,-0.0297346360184191,0.0754454691792025,-0.0281730004232831,0.0438019024022571,-0.014501697108293,0.0429379616550543,0.0353954103378211,-0.0144680935563533,-0.0190371209239357,-0.00669260607884442,-0.0980505446800577,-0.0117892563095562
"Endodermis_lineage | stress_rep1",0.0297489652808217,-0.000195625073520854,-0.004982361945587,0.129122786878306,-0.0113704011384858,0.0486383124640917,-0.00862251013402564,0.0383096150009566,0.0403559660777965,0.00196013172202485,-0.0177184862567606,-0.0072833555777711,-0.0405326503008278,0.0171947999926494
"Endodermis_lineage | stress_rep2",0.0349345184157747,0.00538892697675758,-0.00955126949289814,0.147582118754995,-0.0103782224979669,0.049627976674989,-0.011337970565258,0.0419294955373653,0.0390636089528384,0.00248179853906519,-0.0170619147411691,-0.0109202066428349,-0.0245407030684139,0.0110905533349792
"Epidermal_initial_like | control_rep1",-0.0929829202372628,-0.0896344757244563,-0.127166009532337,-0.0818619120284082,0.0811877035887951,0.0323649760593485,-0.0112500080034281,-0.0565869463185312,0.0141429674398676,-0.00332952838796198,-0.020302797200685,-0.00930055223822518,-0.134328227669651,0.0552434272438453
"Epidermal_initial_like | control_rep2",-0.114586938436627,-0.104290808344539,-0.123115271178455,-0.0872951312572496,0.0808472285553889,0.0329967037744232,-0.0149857843144249,-0.0542091109249365,0.008244455767586,-0.00703367309096915,-0.0216112387633479,-0.00904776717492269,-0.160484018645517,0.0599875393859369
"Epidermal_initial_like | stress_rep1",-0.0857710195162054,-0.092371112093002,-0.116387492617075,-0.0832584348232022,0.0578800129887695,0.0295196255503189,-0.0127678273887664,-0.0476778368264988,0.00559633803252721,-0.00859703522336267,-0.0229168906845686,-0.00421041098559816,-0.123065459885735,0.0619177018688011
"Epidermal_initial_like | stress_rep2",-0.0790602420307572,-0.093089951706558,-0.0989817033973948,-0.080537034478731,0.0638372946655442,0.0325133484382552,-0.0133474120212083,-0.0539679514522003,0.00756667013904731,-0.00911950840948357,-0.0253889967819225,-0.012103377372779,-0.113891612880068,0.0620620043260054
"Meristematic_unresolved | control_rep1",-0.0680068565432126,-0.0748362826048493,-0.0572829787700723,-0.0262032664288346,-0.0360775338786613,0.0474252766035412,0.011542163373655,-0.00915535710183733,0.0814290804473577,0.00820198587832909,-0.0049649710899011,0.0380169546215436,-0.104544452618076,0.078074378764135
"Meristematic_unresolved | control_rep2",-0.0884517043757748,-0.079670977749093,-0.0696903467092377,-0.0328532790785512,-0.0300431142229734,0.046228983139581,0.00390993921279116,-0.0161361482869751,0.0613325047811241,0.00730583705519201,-0.00848574003648102,0.0461608395145584,-0.121432553732197,0.0783493411165904
"Meristematic_unresolved | stress_rep1",-0.0238009877485415,-0.0574798273474665,-0.0353794642671445,-0.0239923695157589,-0.0160395555522052,0.0459544776764408,0.00695147767975804,0.0120705244666127,0.0585059098406577,0.0104563846514793,0.00529087976512046,0.0406006858727945,-0.0738211866511804,0.0778024869941798
"Meristematic_unresolved | stress_rep2",-0.0215379089190337,-0.0626818011326102,-0.0400939172649991,-0.0295786164227258,-0.0153942393635755,0.0503198966966785,0.00865155971607905,-0.00101075438257383,0.0424106377475108,0.0106018521819195,-0.00735594275324402,0.0438746298926971,-0.0696808399714078,0.0761968270383117
"Pericycle | control_rep1",0.00985785598922992,-0.000369075869937492,-0.0514415653562418,-0.0266821571117952,-0.0231316853050687,0.0606545544804955,-0.00859508928728915,0.0696858722270615,0.077059108810299,-0.0164167245776306,-0.0192123386768282,-0.0104848269376474,-0.0556111396263181,0.092708856240302
"Pericycle | control_rep2",-0.0210971211680566,-0.034696519700932,-0.0538428156818696,-0.0395993913979996,-0.0288298276181396,0.0755795811456691,-0.00860352584278483,0.0964346328762405,0.0694388345842775,-0.0158787512278121,-0.0216884521230737,-0.00572488643625201,-0.0843642919098438,0.108955370110238
"Pericycle | stress_rep1",0.0161555607765637,-0.0331040135059122,-0.027422881784413,-0.0226276380098911,-0.0248252853483975,0.0717679864276724,-0.00428700232827193,0.141776425373588,0.0490801427583305,-0.0074142195891409,-0.0181080128584535,-0.0109878706749907,-0.0434652205571802,0.173325536139064
"Pericycle | stress_rep2",0.0269973490666144,-0.0276798487148607,-0.0172286970488945,-0.0222312207712351,-0.0286378909562977,0.0713234614886089,-0.00797337309594154,0.141321093927688,0.0383087084014819,-0.0118190571228868,-0.0170455766287786,-0.00835209960422325,-0.0445154513814389,0.171958407190645
"Phloem | control_rep1",0.0406472667901029,-0.0381032250536639,-0.0532655318277739,-0.0186815799455227,-0.0472453923491164,0.795518785373608,0.0350539766230675,0.142819858377542,0.136859496609063,0.125420953115825,0.0357563173709947,-0.0165420751693967,-0.0714608020716409,0.0713570910979959
"Phloem | control_rep2",-0.0174307222179198,-0.0403741590252127,-0.0659686669444578,-0.0372338837999576,-0.0251835376708392,0.662709419652627,-0.0130717985837577,0.11653518636116,0.0664213206803061,0.0419453149803752,-0.0234117784657644,-0.00147691666759727,-0.0356188729619017,0.0260109709195767
"Phloem | stress_rep1",0.0574841944254513,-0.0196511890616876,-0.0149953303693703,-0.0230139347742078,-0.0120099643195576,0.491736082556758,0.0034482114793381,0.094986812772088,0.0809559647096153,0.0497301853075875,-0.0116706259468283,-0.00489077080492719,0.0528149622685301,0.0268316241984138
"Phloem | stress_rep2",0.0590659155528784,-0.0020904356256391,-0.00727172917026371,-0.0216068815967862,-0.0118066316040714,0.484055535761125,-0.00350516712749425,0.0619025834755754,0.0473459079882812,0.0279830710252176,-0.0151150438180752,-0.0212949737828144,0.0593722089837263,0.0332691961409316
"Root_cap | control_rep1",0.00835088503788585,0.160814182334497,-0.0546513228415473,-0.0486394850164603,0.267508332144915,0.0369733702945336,-0.0124857960865871,-0.0218981230126456,0.0311938396367614,0.000310705829847139,-0.000575628202135063,0.0308326904463822,-0.0711946999264501,-0.0178736959866265
"Root_cap | control_rep2",0.0237014402233787,0.0781153615564316,-0.0431392444623742,-0.0402070871050689,0.200717412014531,0.0362585692601704,-0.0122722162588439,-0.0128737148450733,0.0356738503677849,-0.0143492859838637,-0.0080976686119782,0.0280363677383852,-0.0650942679152383,0.00582982438406975
"Root_cap | stress_rep1",0.0576913839713592,0.102789511816487,-0.00527439978632953,-0.0298485728517799,0.200267037257039,0.0541183171081118,-0.00921288928667146,0.00438264025532297,0.0410320720019346,0.000303444015260342,-0.00561671972223941,0.0195500839060092,-0.00782194437811703,0.0180825261772992
"Root_cap | stress_rep2",0.0410217341715577,0.0868237832118608,-0.0103411534794062,-0.0296618507645312,0.223410483516233,0.0461034733606865,-0.00783119064233116,-0.00887580745777808,0.0342602926912462,-0.00182728118505996,0.00227882924787046,0.0181432963087339,-0.00481796649810195,0.0177934501788288
"Trichoblast_lineage | control_rep1",0.0659182711182384,-0.0272290679330525,-0.0246062597550889,-0.0822086276201954,0.0252818225293478,0.0322052763689956,-0.00692413419587456,-0.0431652787055321,0.0566315565555278,-0.00946781131278487,0.00547992313378115,-0.0192362124937025,0.510076225845658,-0.0159698960885819
"Trichoblast_lineage | control_rep2",0.0119955497104037,-0.0434297083829963,-0.0384287045679457,-0.08336407575035,0.0162092042437951,0.0302031418836105,-0.0142573063361826,-0.0395580375731691,0.0401422669183608,-0.00722070684621537,-0.00364138998463436,-0.0172229298958927,0.384627698595891,-0.0165216378124039
"Trichoblast_lineage | stress_rep1",0.0955059589034068,-0.0152138268147646,0.00887117406647845,-0.0344222335380277,0.00671430583363654,0.0440991082123991,-0.00959477698999232,-0.00949687817477275,0.0522448640976387,-0.00273179980621331,-0.00295630254042834,-0.0195136747268254,0.537700028195348,0.000723284303227537
"Trichoblast_lineage | stress_rep2",0.0986761879726478,-0.0164322502359626,0.00881964952957846,-0.0401988239858873,-0.000381543142226779,0.0464204987463582,-0.0094756758654376,-0.0116094471301975,0.0460792734557429,-0.00111193612382787,-0.00468540199195203,-0.0203121283948302,0.538079755505053,-0.00167449107497568
"Unresolved | control_rep1",-0.0118491098920188,0.0184221895563787,-0.0662776645087297,0.00082664498512378,0.0325781276522214,0.0632420509572885,-0.00393693551009019,0.00461046721756066,0.0628778444621302,-0.0214674254680709,-0.016370067304795,-0.0187233472884113,-0.065840974663372,-0.00894439406246492
"Unresolved | control_rep2",-0.00766737196188248,-0.027613220257503,-0.0397466564995005,-0.00181188256490994,0.0562073362395479,0.0476048560990326,-0.0220713330011013,-0.0136394181851604,0.0543365169594906,-0.0193347743677621,-0.00949584018007354,-0.0173491104955679,-0.0463871052200564,-0.020863710623197
"Unresolved | stress_rep1",0.0348565606390312,-0.0174079082811465,0.0265341404179483,-0.00845325881735628,0.0401754032588786,0.079006217474377,-0.0121608477103141,-0.0101779399226326,0.0585017917910629,-0.0190952711254956,-0.00986651289152312,-0.00515885201798254,-0.00892469745108524,0.0143015868894968
"Unresolved | stress_rep2",0.112768490136754,0.0162942412751468,-0.0207125185801901,-0.00819617700231237,0.013953862802653,0.067036360158768,-0.00122836514055365,-0.0042815473369015,0.0483550817439442,0.000817625449985292,-0.0076136560734638,0.00317581079593062,0.10695957001035,-0.0233449103341296
"Unresolved_control_enriched | control_rep1",0.0217660945185384,0.0484539696425009,0.0266305538655295,-0.0757651130692716,-0.0351055069959559,-0.000497504960949588,-0.0176235068037732,-0.0433531833856501,0.0353020315056422,-0.0413501320497047,-0.0432558414777456,-0.0217276637770471,-0.134799228296054,-0.0493160433545361
"Unresolved_control_enriched | control_rep2",0.014788941640268,-0.00170147172354135,0.016845275431355,-0.0703504694172545,-0.0379665134740094,0.021809316285543,-0.0198232575326251,-0.040567390540641,0.0256591031387399,-0.0279205683433889,-0.0381753602657367,-0.0135815294743435,-0.108090840664734,-0.0351279351626537
