"avg.exp","pct.exp","features.plot","id","avg.exp.scaled","symbol"
0.0952283222727607,5.60271646859083,"AT3G54220","8",-0.82696638887406,"SCR"
0.649374052539602,31.4940577249576,"AT5G14750","8",1.94046001177939,"WER"
0.0108772807626513,0.594227504244482,"AT1G79430","8",-0.288765487556412,"APL"
0.257670367149093,12.0543293718166,"AT1G62510","8",-0.582479623004714,"AT1G62510"
0,0,"AT3G26120","8",-0.708571225126298,"TEL1"
0.199224378637223,10.1867572156197,"AT4G13390","8",-0.656011099893507,"EXT12"
0.00336651792106418,0.33955857385399,"AT2G18380","8",-0.691535641346447,"GATA20"
0.0076169434400631,0.509337860780985,"AT1G62500","8",-0.336642593706699,"CO2"
0.138557584727373,5.77249575551783,"AT5G49270","8",-0.365727018895794,"COBL9"
0.0269738452642454,0.933786078098472,"AT1G33280","8",-0.22871718334812,"BRN1"
0.0084406791126175,0.509337860780985,"AT4G10350","8",-0.262240754369135,"BRN2"
0.0272417636026855,1.18845500848896,"AT1G79580","8",-0.228994977183375,"SMB"
0.126189600867843,5.51782682512733,"AT5G57620","8",-0.519590619137817,"MYB36"
0.513616751580335,26.0611205432937,"AT1G79840","8",2.5,"GL2"
0,0,"AT3G20880","8",-0.469309512668959,"AT3G20880"
0.216459396221258,11.5449915110357,"AT5G58010","8",-0.475385372719578,"LRL3"
0.287094020452597,11.4601018675722,"AT2G22850","8",-0.770488234459927,"bZIP6"
0.0776218965240803,4.41426146010187,"AT3G25710","8",-0.478668848707666,"TMO5"
0.00104069686727347,0.0848896434634974,"AT5G60810","8",-0.590299753785517,"RGF1"
0.117357462837008,7.04584040747029,"AT1G66470","8",-0.398752507857521,"RHD6"
0.02700050612676,1.95246179966044,"AT5G37800","8",0.109333893639889,"RSL1"
0.00441875460024103,0.169779286926995,"AT5G62940","8",-0.118903215671177,"PEAR1/DOF2.4"
0.0230036730597674,1.18845500848896,"AT3G61930","8",-0.391367158484293,"AT3G61930"
0.060408637363318,2.88624787775891,"AT2G04025","8",-0.384190854470753,"RGF3"
0,0,"AT3G28540","8",-0.48507031774522,"AT3G28540"
0.00140081919906761,0.0848896434634974,"AT5G48130","8",-0.256540369103603,"AT5G48130"
0,0,"AT1G17400","8",-0.402740862047396,"DRO3/LZY2"
0.0206204513499159,1.69779286926995,"AT2G40260","8",-0.63754042611472,"AT2G40260"
0.159536866906412,8.40407470288625,"AT2G29330","8",-0.459466729517842,"TRI"
0.0435261157319852,3.05602716468591,"AT3G56220","8",-0.728114762147365,"AT3G56220"
0.0614236240977071,3.4804753820034,"AT1G16390","8",-0.439620814608557,"AT1G16390"
0.170281609884906,7.38539898132428,"AT1G30750","8",-0.421498819925955,"AT1G30750"
0.0250173473609443,1.44312393887946,"AT4G16270","8",-0.337555750941878,"PER40"
0.00418445683622501,0.254668930390492,"AT5G46600","8",-0.608510814828183,"ALMT13"
0.125490399308065,6.11205432937182,"AT5G19530","8",-0.405204490794698,"ACL5"
0.0178662295071327,0.933786078098472,"AT2G31310","8",-0.269995943956202,"LBD14"
0.0449281600230277,2.29202037351443,"AT4G36410","8",-0.336841351458698,"UBC17"
0.0978240390197773,4.66893039049236,"AT5G04080","8",-0.331013822742344,"AT5G04080"
0.0537796620703356,2.71646859083192,"AT1G04240","8",-0.433157433944337,"SHY2"
0.00485799992709497,0.33955857385399,"AT1G71050","8",-0.0313838406056912,"HIPP20"
0.00382364256648488,0.169779286926995,"AT1G71930","8",-0.144720622271214,"VND7"
0.0350020078546654,1.52801358234295,"AT4G18780","8",-0.485921051600579,"CESA8"
0,0,"AT3G55550","8",-0.580203281333822,"LECRKS4"
0.000623038479147866,0.169779286926995,"AT3G60650","8",-0.630826718962486,"AT3G60650"
2.28608144786319,51.7826825127334,"AT2G36120","8",-0.717010441893583,"DOT1"
1.91217242774499,47.6230899830221,"AT4G30450","8",-0.634241534181102,"XPP"
0.0257997049690586,1.27334465195246,"AT3G20840","8",-0.35890855627399,"PLT1"
0.375393124132429,21.5619694397284,"AT4G37940","8",-0.71189748474217,"AGL21"
0.19557340021658,12.9032258064516,"AT5G43040","8",2.4467316700949,"AT5G43040"
0.0103967548162665,1.01867572156197,"AT1G07640","8",-0.525074568947021,"OBP2"
0.0369812199145707,2.03735144312394,"AT2G28810","8",-0.435700022712218,"AT2G28810"
0.0290757883176192,1.35823429541596,"AT5G17800","8",-0.618956983652214,"MTB56"
0.00701777560987512,0.594227504244482,"AT4G36160","8",-0.882017570599988,"VND2"
0.0256417429622918,1.35823429541596,"AT5G12870","8",1.0627548788861,"MYB46"
0.014676295177928,1.01867572156197,"AT3G52490","8",-0.644334905690672,"SMXL3"
0.0125484662162368,0.848896434634975,"AT5G57130","8",-0.818574952115853,"SMXL5"
0.119120766955483,7.55517826825127,"AT5G09760","8",-0.376721385067011,"AT5G09760"
0.00241468547209917,0.169779286926995,"AT2G46570","8",-0.454699581993488,"LAC6"
0.00668384109556762,0.33955857385399,"AT5G53730","8",-0.284479578739616,"NHL26"
0.375662609721605,14.9230769230769,"AT3G54220","1",1.02523994270962,"SCR"
0.17294866503501,6.73076923076923,"AT5G14750","1",-0.146469032716366,"WER"
0.0431222865289244,1.38461538461538,"AT1G79430","1",-0.152205247111364,"APL"
0.386749345549718,12.3076923076923,"AT1G62510","1",-0.25549133412572,"AT1G62510"
0.022757511511355,0.807692307692308,"AT3G26120","1",2.5,"TEL1"
0.320416896469959,12.3846153846154,"AT4G13390","1",-0.379399563853524,"EXT12"
0.0524412748827016,1.19230769230769,"AT2G18380","1",2.5,"GATA20"
0.135585367981837,5.15384615384615,"AT1G62500","1",2.5,"CO2"
0.109831305346548,4.5,"AT5G49270","1",-0.469478351920488,"COBL9"
0.021626815335408,0.846153846153846,"AT1G33280","1",-0.249489819631916,"BRN1"
0.00363197292491,0.153846153846154,"AT4G10350","1",-0.291954516857129,"BRN2"
0.0717574743716952,1.80769230769231,"AT1G79580","1",-0.0114038082053443,"SMB"
0.169591915874083,7.30769230769231,"AT5G57620","1",-0.403772886583896,"MYB36"
0.0348053130081624,1.23076923076923,"AT1G79840","1",-0.348975920580038,"GL2"
0.0111349625606938,0.230769230769231,"AT3G20880","1",2.5,"AT3G20880"
0.291276185507055,10.5769230769231,"AT5G58010","1",-0.292357511090709,"LRL3"
0.374414940734097,11.6923076923077,"AT2G22850","1",-0.627145893989286,"bZIP6"
0.273786437984378,8.57692307692308,"AT3G25710","1",0.540447896841439,"TMO5"
0.0483329731674751,1.19230769230769,"AT5G60810","1",2.5,"RGF1"
0.0928938625818664,3.80769230769231,"AT1G66470","1",-0.563608016164188,"RHD6"
0.0127436115255458,0.653846153846154,"AT5G37800","1",-0.399297658634575,"RSL1"
0.00147037075353841,0.153846153846154,"AT5G62940","1",-0.469721299258551,"PEAR1/DOF2.4"
0.036099024495577,1.61538461538462,"AT3G61930","1",-0.330359781571523,"AT3G61930"
0.353289745478962,6.19230769230769,"AT2G04025","1",0.692578779693181,"RGF3"
0.00114707839133726,0.0384615384615385,"AT3G28540","1",-0.0939570147929839,"AT3G28540"
0.00993061673363707,0.384615384615385,"AT5G48130","1",-0.131418855757616,"AT5G48130"
0.0282545617739027,0.538461538461538,"AT1G17400","1",-0.0305394553283122,"DRO3/LZY2"
0.106811361784108,5.65384615384615,"AT2G40260","1",0.136616339333058,"AT2G40260"
0.287661725802403,12.3846153846154,"AT2G29330","1",-0.0884945301368838,"TRI"
0.253910774114885,11.5,"AT3G56220","1",1.50416981204726,"AT3G56220"
0.106716345041847,4.07692307692308,"AT1G16390","1",-0.200607000565684,"AT1G16390"
0.276097332027704,10.3846153846154,"AT1G30750","1",-0.272903510846215,"AT1G30750"
0.0305461276768235,1.11538461538462,"AT4G16270","1",-0.286768939078458,"PER40"
0.00964457850801804,0.576923076923077,"AT5G46600","1",-0.507794188924014,"ALMT13"
0.362400570378239,9.53846153846154,"AT5G19530","1",0.562979293189314,"ACL5"
0.0508460464951692,1.76923076923077,"AT2G31310","1",1.24978409504242,"LBD14"
0.0757404046776764,2.65384615384615,"AT4G36410","1",-0.27872684918475,"UBC17"
0.143952142289622,6.03846153846154,"AT5G04080","1",-0.260928136754884,"AT5G04080"
0.10089273897255,3.46153846153846,"AT1G04240","1",-0.00160695820719252,"SHY2"
0.00608311411152475,0.307692307692308,"AT1G71050","1",0.128548418770381,"HIPP20"
0.0191483036316947,0.807692307692308,"AT1G71930","1",2.5,"VND7"
0.237630925744265,4.03846153846154,"AT4G18780","1",2.5,"CESA8"
0.0117601406708913,0.307692307692308,"AT3G55550","1",1.59880468457999,"LECRKS4"
0.0236176302769603,0.5,"AT3G60650","1",1.29311488347854,"AT3G60650"
3.44284119566942,59.6538461538462,"AT2G36120","1",-0.251560211715807,"DOT1"
2.9018701909696,54.0769230769231,"AT4G30450","1",-0.161644318872726,"XPP"
0.283150635911746,6.92307692307692,"AT3G20840","1",1.18612906144955,"PLT1"
0.694024189143623,24.9615384615385,"AT4G37940","1",1.00058260917388,"AGL21"
0.0368297098270008,1.46153846153846,"AT5G43040","1",-0.549305020813273,"AT5G43040"
0.0866584286335069,3.38461538461538,"AT1G07640","1",0.080036588703712,"OBP2"
0.145270449439478,5.57692307692308,"AT2G28810","1",0.148215614829996,"AT2G28810"
0.0546657900280414,2.15384615384615,"AT5G17800","1",-0.0826583653300152,"MTB56"
0.0683481184858308,2.76923076923077,"AT4G36160","1",2.5,"VND2"
0.0395516206861466,1.03846153846154,"AT5G12870","1",2.21554741859981,"MYB46"
0.0941373472567063,3.76923076923077,"AT3G52490","1",0.133337563848145,"SMXL3"
0.0737737372058908,2.88461538461538,"AT5G57130","1",1.72473271820351,"SMXL5"
0.218293314946072,9,"AT5G09760","1",0.228715169705504,"AT5G09760"
0.00782312303690629,0.5,"AT2G46570","1",0.946507174478934,"LAC6"
0.0236741995902584,0.846153846153846,"AT5G53730","1",1.95349669817155,"NHL26"
0.530471350360605,20.9821428571429,"AT3G54220","11",1.89165849726856,"SCR"
0.0959699447510877,4.79910714285714,"AT5G14750","11",-0.562055075630516,"WER"
0.00970294370224362,0.446428571428571,"AT1G79430","11",-0.293820744081137,"APL"
2.90058802919874,40.4017857142857,"AT1G62510","11",2.5,"AT1G62510"
0.00484287319870752,0.223214285714286,"AT3G26120","11",0.0750777974668682,"TEL1"
0.331283472857754,13.1696428571429,"AT4G13390","11",-0.355850770420578,"EXT12"
0.00686633909038919,0.446428571428571,"AT2G18380","11",-0.425508790696816,"GATA20"
0.00772003107655412,0.334821428571429,"AT1G62500","11",-0.33313750537979,"CO2"
0.104264971692652,5.13392857142857,"AT5G49270","11",-0.489892711109009,"COBL9"
0.020200175348612,0.558035714285714,"AT1G33280","11",-0.255050537320326,"BRN1"
0.00549518182457622,0.111607142857143,"AT4G10350","11",-0.280424591721405,"BRN2"
0.0177784096842415,0.78125,"AT1G79580","11",-0.27646568364604,"SMB"
1.03081153377466,18.6383928571429,"AT5G57620","11",1.28619086856925,"MYB36"
0.0289669612250783,1.67410714285714,"AT1G79840","11",-0.411358198253454,"GL2"
0,0,"AT3G20880","11",-0.469309512668959,"AT3G20880"
0.297727634648903,12.8348214285714,"AT5G58010","11",-0.277074938651062,"LRL3"
0.460846974088418,14.84375,"AT2G22850","11",-0.493964255952615,"bZIP6"
0.074157673466986,3.57142857142857,"AT3G25710","11",-0.49829022057252,"TMO5"
0.00633081011584647,0.223214285714286,"AT5G60810","11",-0.172722577879113,"RGF1"
0.0792024779023834,4.35267857142857,"AT1G66470","11",-0.657489740140239,"RHD6"
0.0152325514203858,0.78125,"AT5G37800","11",-0.309987932709,"RSL1"
0,0,"AT5G62940","11",-0.645061834681169,"PEAR1/DOF2.4"
0.0343750687401604,1.5625,"AT3G61930","11",-0.33834696690632,"AT3G61930"
0.0355616425172784,1.89732142857143,"AT2G04025","11",-0.488874379677311,"RGF3"
0,0,"AT3G28540","11",-0.48507031774522,"AT3G28540"
0.00116027802117832,0.111607142857143,"AT5G48130","11",-0.260084240585823,"AT5G48130"
0.0183915752470711,0.78125,"AT1G17400","11",-0.159291116896132,"DRO3/LZY2"
0.321353603970186,15.9598214285714,"AT2G40260","11",1.82843541773169,"AT2G40260"
0.680097787777254,18.8616071428571,"AT2G29330","11",0.853114856086492,"TRI"
0.472534033733713,19.9776785714286,"AT3G56220","11",2.5,"AT3G56220"
1.1311978740808,22.65625,"AT1G16390","11",2.5,"AT1G16390"
0.27873897518653,11.3839285714286,"AT1G30750","11",-0.269353588980714,"AT1G30750"
0.601921631717094,13.3928571428571,"AT4G16270","11",2.5,"PER40"
0.169905506797011,4.6875,"AT5G46600","11",2.22851836379344,"ALMT13"
0.134546532339473,5.91517857142857,"AT5G19530","11",-0.364586622245908,"ACL5"
0.0057600737089977,0.446428571428571,"AT2G31310","11",-0.840261201717738,"LBD14"
0.0304200755526461,1.45089285714286,"AT4G36410","11",-0.364800863670882,"UBC17"
0.114442739492551,4.6875,"AT5G04080","11",-0.305430178350693,"AT5G04080"
0.0872651987202418,3.57142857142857,"AT1G04240","11",-0.124505456562013,"SHY2"
0.00280914026823922,0.111607142857143,"AT1G71050","11",-0.299287999442267,"HIPP20"
0,0,"AT1G71930","11",-0.90761304600942,"VND7"
0.0474849571873997,2.34375,"AT4G18780","11",-0.278779584774196,"CESA8"
0.00836607962337411,0.334821428571429,"AT3G55550","11",0.972538293097202,"LECRKS4"
0,0,"AT3G60650","11",-0.683569043142985,"AT3G60650"
3.17342674377112,60.7142857142857,"AT2G36120","11",-0.348102520401814,"DOT1"
2.49104552868886,53.3482142857143,"AT4G30450","11",-0.341365636562354,"XPP"
0.0286914651071493,1.5625,"AT3G20840","11",-0.339478322329067,"PLT1"
0.435010341120069,20.2008928571429,"AT4G37940","11",-0.363163562622901,"AGL21"
0.045426925479963,2.56696428571429,"AT5G43040","11",-0.375638661610683,"AT5G43040"
0.0375427589711937,1.67410714285714,"AT1G07640","11",-0.304598554315755,"OBP2"
0.0313760349108603,1.89732142857143,"AT2G28810","11",-0.467562408048104,"AT2G28810"
0.0424918087778367,2.23214285714286,"AT5G17800","11",-0.336150696160867,"MTB56"
0.0131332713950669,0.558035714285714,"AT4G36160","11",-0.497160841824246,"VND2"
0.00674899049732755,0.446428571428571,"AT5G12870","11",-0.528290390388781,"MYB46"
0.0199518100502735,1.11607142857143,"AT3G52490","11",-0.59084698246274,"SMXL3"
0.00547304260973804,0.334821428571429,"AT5G57130","11",-1.12235082926851,"SMXL5"
0.199536368693516,10.0446428571429,"AT5G09760","11",0.118078992443277,"AT5G09760"
0.00307966729738251,0.111607142857143,"AT2G46570","11",-0.282010397152089,"LAC6"
0.00426663299895148,0.223214285714286,"AT5G53730","11",-0.605940587147042,"NHL26"
0.141376252691511,4.65328467153285,"AT3G54220","10",-0.491644998332767,"SCR"
0.0831866008835299,2.46350364963504,"AT5G14750","10",-0.633884682379706,"WER"
0.0200604007380457,0.72992700729927,"AT1G79430","10",-0.249435564072988,"APL"
0.650865406112021,15.1459854014599,"AT1G62510","10",0.327983246382402,"AT1G62510"
0,0,"AT3G26120","10",-0.708571225126298,"TEL1"
0.525548084296948,13.1386861313869,"AT4G13390","10",0.0355104036604627,"EXT12"
0.00365888980207566,0.182481751824818,"AT2G18380","10",-0.66927650640755,"GATA20"
0.00131319625665529,0.0912408759124088,"AT1G62500","10",-0.551660898889822,"CO2"
0.194062289155218,5.2007299270073,"AT5G49270","10",-0.172472386616726,"COBL9"
0.0240617216259384,0.456204379562044,"AT1G33280","10",-0.240017021786262,"BRN1"
0.0238937716494312,0.72992700729927,"AT4G10350","10",-0.167703968574568,"BRN2"
0.0327786754053179,0.821167883211679,"AT1G79580","10",-0.201422725691134,"SMB"
0.161398209078611,4.28832116788321,"AT5G57620","10",-0.425304805938135,"MYB36"
0.0438963956906458,1.27737226277372,"AT1G79840","10",-0.252535790670002,"GL2"
0,0,"AT3G20880","10",-0.469309512668959,"AT3G20880"
0.442658234424131,11.4963503649635,"AT5G58010","10",0.0475820456997603,"LRL3"
2.77712125531473,43.978102189781,"AT2G22850","10",1.58045737710561,"bZIP6"
1.03965602213197,23.1751824817518,"AT3G25710","10",2.5,"TMO5"
0,0,"AT5G60810","10",-0.672707284031817,"RGF1"
0.123912632559298,3.83211678832117,"AT1G66470","10",-0.355191492124014,"RHD6"
0.0120300252684672,0.364963503649635,"AT5G37800","10",-0.424943502465957,"RSL1"
0.00181863416209704,0.0912408759124088,"AT5G62940","10",-0.428228875654766,"PEAR1/DOF2.4"
0.0449630616630752,1.18613138686131,"AT3G61930","10",-0.289500897190641,"AT3G61930"
0.0732865779106739,1.64233576642336,"AT2G04025","10",-0.330895598814115,"RGF3"
0,0,"AT3G28540","10",-0.48507031774522,"AT3G28540"
0,0,"AT5G48130","10",-0.277190479924266,"AT5G48130"
0.00215852557162073,0.0912408759124088,"AT1G17400","10",-0.373937531651083,"DRO3/LZY2"
0.0500399164593699,1.64233576642336,"AT2G40260","10",-0.366183796817743,"AT2G40260"
0.323492390689316,8.21167883211679,"AT2G29330","10",0.00865249618696155,"TRI"
0.0888921548520654,2.55474452554745,"AT3G56220","10",-0.210883590931388,"AT3G56220"
0.121326624359994,3.55839416058394,"AT1G16390","10",-0.125589964543126,"AT1G16390"
0.371421935972651,9.76277372262774,"AT1G30750","10",-0.149234404369061,"AT1G30750"
0.0619223519704765,1.82481751824817,"AT4G16270","10",-0.00361293743548819,"PER40"
0.0039857069564292,0.182481751824818,"AT5G46600","10",-0.61218724860421,"ALMT13"
1.52078109943155,23.0839416058394,"AT5G19530","10",2.5,"ACL5"
0.0851960576990793,2.18978102189781,"AT2G31310","10",2.5,"LBD14"
0.07797299310795,2.0985401459854,"AT4G36410","10",-0.274580896553077,"UBC17"
0.169522736775649,4.83576642335766,"AT5G04080","10",-0.223284775040495,"AT5G04080"
0.102111328044961,2.73722627737226,"AT1G04240","10",0.00930855546965295,"SHY2"
0.00961442317306735,0.0912408759124088,"AT1G71050","10",0.588454987016218,"HIPP20"
0.00328086572860152,0.0912408759124088,"AT1G71930","10",-0.252838201764504,"VND7"
0.0624800542965667,1.73357664233577,"AT4G18780","10",-0.0331909469366999,"CESA8"
0,0,"AT3G55550","10",-0.580203281333822,"LECRKS4"
0,0,"AT3G60650","10",-0.683569043142985,"AT3G60650"
28.364048410575,97.1715328467153,"AT2G36120","10",2.5,"DOT1"
23.9908997499082,89.963503649635,"AT4G30450","10",2.5,"XPP"
0.0287894890911393,0.912408759124087,"AT3G20840","10",-0.338820639836297,"PLT1"
0.998327354518673,23.1751824817518,"AT4G37940","10",2.35831946933276,"AGL21"
0.0560868850398557,1.55109489051095,"AT5G43040","10",-0.162276845459414,"AT5G43040"
0.118755534459298,2.55474452554745,"AT1G07640","10",0.322113598849027,"OBP2"
0.288698196639514,6.47810218978102,"AT2G28810","10",0.841856158100311,"AT2G28810"
0.0504485370864561,1.73357664233577,"AT5G17800","10",-0.170139202408159,"MTB56"
0.0181754859207132,0.547445255474453,"AT4G36160","10",-0.181590486013486,"VND2"
0.0287238198594165,0.72992700729927,"AT5G12870","10",1.31952711774527,"MYB46"
0.218412347172915,5.10948905109489,"AT3G52490","10",1.24298813563501,"SMXL3"
0.0252307199414903,0.821167883211679,"AT5G57130","10",-0.279350259811606,"SMXL5"
0.789299301370046,19.5255474452555,"AT5G09760","10",2.5,"AT5G09760"
0.00422411462557444,0.0912408759124088,"AT2G46570","10",0.0149233405420669,"LAC6"
0.00681159440283526,0.182481751824818,"AT5G53730","10",-0.267511333542459,"NHL26"
0.0814948253177609,7.17163577759871,"AT3G54220","5",-0.929489151394347,"SCR"
0.771710623063424,41.2570507655117,"AT5G14750","5",2.37850646085753,"WER"
0.0103711883510849,0.88638195004029,"AT1G79430","5",-0.290943380919607,"APL"
0.121260218879685,8.62207896857373,"AT1G62510","5",-0.966720325322647,"AT1G62510"
0,0,"AT3G26120","5",-0.708571225126298,"TEL1"
0.151399690866919,11.0394842868654,"AT4G13390","5",-0.772941339646924,"EXT12"
0,0,"AT2G18380","5",-0.948306939105837,"GATA20"
0.0176160531330284,1.36986301369863,"AT1G62500","5",0.00167916000472868,"CO2"
0.0681089611809481,4.59307010475423,"AT5G49270","5",-0.625052694720325,"COBL9"
0.0119387779056419,0.64464141821112,"AT1G33280","5",-0.287405271187877,"BRN1"
0.014532042910832,0.8058017727639,"AT4G10350","5",-0.224804011187086,"BRN2"
0.0186004238438789,0.96696212731668,"AT1G79580","5",-0.272324773022822,"SMB"
0.0657828999988078,4.51248992747784,"AT5G57620","5",-0.688440579988472,"MYB36"
0.105870895836995,6.76873489121676,"AT1G79840","5",0.383341799344247,"GL2"
0,0,"AT3G20880","5",-0.469309512668959,"AT3G20880"
0.157860582982929,11.2006446414182,"AT5G58010","5",-0.626779403759436,"LRL3"
0.125779688988528,8.8638195004029,"AT2G22850","5",-1.06291349843035,"bZIP6"
0.0417866984271116,3.46494762288477,"AT3G25710","5",-0.684759093336764,"TMO5"
0.00769956901854207,0.40290088638195,"AT5G60810","5",-0.0650365047722936,"RGF1"
0.419507852509263,30.6204673650282,"AT1G66470","5",1.38362253220194,"RHD6"
0.0984426764533194,9.42788074133763,"AT5G37800","5",2.5,"RSL1"
0.00298665163077916,0.32232070910556,"AT5G62940","5",-0.289175432106252,"PEAR1/DOF2.4"
0.0203827511552944,1.6116035455278,"AT3G61930","5",-0.403671012273523,"AT3G61930"
0.0421929650869824,2.4174053182917,"AT2G04025","5",-0.460692067687701,"RGF3"
0.000427685246411492,0.08058017727639,"AT3G28540","5",-0.339192294381333,"AT3G28540"
0.0020129228331303,0.24174053182917,"AT5G48130","5",-0.247526139277589,"AT5G48130"
0.00450154651699878,0.24174053182917,"AT1G17400","5",-0.342742433265823,"DRO3/LZY2"
0.0187233858774307,1.69218372280419,"AT2G40260","5",-0.655305920599609,"AT2G40260"
0.0711702272663399,5.80177276390008,"AT2G29330","5",-0.740044336635644,"TRI"
0.0483273234834546,4.27074939564867,"AT3G56220","5",-0.672321636017286,"AT3G56220"
0.0262539215303933,2.57856567284448,"AT1G16390","5",-0.632357809719058,"AT1G16390"
0.111577585271852,8.38033843674456,"AT1G30750","5",-0.509843914792048,"AT1G30750"
0.00469293655399443,0.72522159548751,"AT4G16270","5",-0.52663762168333,"PER40"
0.0107550772291493,0.88638195004029,"AT5G46600","5",-0.487376752956604,"ALMT13"
0.0774968670115587,5.72119258662369,"AT5G19530","5",-0.626069540646711,"ACL5"
0.0100316948144998,0.8058017727639,"AT2G31310","5",-0.638264863736818,"LBD14"
0.0279213867061159,2.17566478646253,"AT4G36410","5",-0.369655966018328,"UBC17"
0.0644317398867828,4.91539081385979,"AT5G04080","5",-0.383611729701131,"AT5G04080"
0.0243381609725984,1.77276390008058,"AT1G04240","5",-0.712747022117031,"SHY2"
0.00084492164492387,0.08058017727639,"AT1G71050","5",-0.556639098008329,"HIPP20"
0.00240184544031987,0.24174053182917,"AT1G71930","5",-0.428057396207337,"VND7"
0.018671475648865,1.36986301369863,"AT4G18780","5",-0.760713647294627,"CESA8"
0,0,"AT3G55550","5",-0.580203281333822,"LECRKS4"
0.00113621780389391,0.16116035455278,"AT3G60650","5",-0.587409004235957,"AT3G60650"
1.47786686091396,54.955680902498,"AT2G36120","5",-1.15267458404842,"DOT1"
1.19841853838109,47.3811442385173,"AT4G30450","5",-1.08843033459933,"XPP"
0.0746285522918832,5.15713134568896,"AT3G20840","5",-0.0379369406771893,"PLT1"
0.298319394672742,22.1595487510073,"AT4G37940","5",-1.18585347278789,"AGL21"
0.046169037228625,5.07655116841257,"AT5G43040","5",-0.360714800579386,"AT5G43040"
0.0191465058959432,1.53102336825141,"AT1G07640","5",-0.453369938395915,"OBP2"
0.017390245670597,1.53102336825141,"AT2G28810","5",-0.547825176001195,"AT2G28810"
0.0109442988811791,1.28928283642224,"AT5G17800","5",-1.00707951909464,"MTB56"
0.00856679481361222,0.48348106365834,"AT4G36160","5",-0.784315044746996,"VND2"
0.00329365194700678,0.48348106365834,"AT5G12870","5",-0.822507388912328,"MYB46"
0.0150032409301962,1.69218372280419,"AT3G52490","5",-0.641011960482557,"SMXL3"
0.0108996900010226,0.8058017727639,"AT5G57130","5",-0.889173306322278,"SMXL5"
0.0838745255484746,7.57453666398066,"AT5G09760","5",-0.604907031613264,"AT5G09760"
0.00227057940099317,0.16116035455278,"AT2G46570","5",-0.492137601962961,"LAC6"
0.00374531328430449,0.32232070910556,"AT5G53730","5",-0.675371567036118,"NHL26"
0.532893451957782,11.7064647641235,"AT3G54220","2",1.90450634337137,"SCR"
0.121225943336706,2.97029702970297,"AT5G14750","2",-0.422571930779518,"WER"
0.0229079487660783,0.5824111822947,"AT1G79430","2",-0.237311836149042,"APL"
0.470917947915747,10.1339545719278,"AT1G62510","2",-0.058282721988381,"AT1G62510"
0,0,"AT3G26120","2",-0.708571225126298,"TEL1"
0.447515019301273,9.95923121723937,"AT4G13390","2",-0.115348947603624,"EXT12"
0.0121585766192344,0.29120559114735,"AT2G18380","2",-0.0249888048034686,"GATA20"
0.00625743950894129,0.05824111822947,"AT1G62500","2",-0.382900738631398,"CO2"
0.140457578477378,3.31974373907979,"AT5G49270","2",-0.358957354147512,"COBL9"
0.0359053059730888,0.87361677344205,"AT1G33280","2",-0.194259447033002,"BRN1"
0.00965490211868281,0.23296447291788,"AT4G10350","2",-0.254760282146099,"BRN2"
0.0109899005533896,0.23296447291788,"AT1G79580","2",-0.310791326843,"SMB"
0.981105568250117,19.336051252184,"AT5G57620","2",1.21029471660111,"MYB36"
0.0236043190641805,0.69889341875364,"AT1G79840","2",-0.468970223412464,"GL2"
0,0,"AT3G20880","2",-0.469309512668959,"AT3G20880"
0.348648315673915,7.92079207920792,"AT5G58010","2",-0.159051776534966,"LRL3"
1.06951880408026,18.6953989516599,"AT2G22850","2",0.26662706263158,"bZIP6"
0.140033538138186,3.20326150262085,"AT3G25710","2",-0.135579559655226,"TMO5"
0.00295358842513786,0.11648223645894,"AT5G60810","2",-0.439050745012089,"RGF1"
0.0991076426063268,2.44612696563774,"AT1G66470","2",-0.521387532390236,"RHD6"
0.0111489553989146,0.29120559114735,"AT5G37800","2",-0.456633561503385,"RSL1"
0.00725349036290568,0.17472335468841,"AT5G62940","2",0.217422601437853,"PEAR1/DOF2.4"
0.043079629469735,1.04834012813046,"AT3G61930","2",-0.298153526138113,"AT3G61930"
0.0681137325269203,1.51426907396622,"AT2G04025","2",-0.352226132664918,"RGF3"
0,0,"AT3G28540","2",-0.48507031774522,"AT3G28540"
0.00108254866597527,0.05824111822947,"AT5G48130","2",-0.261229602195909,"AT5G48130"
0.0748097667592109,1.68899242865463,"AT1G17400","2",0.56098191912726,"DRO3/LZY2"
0.0360120642605443,0.99009900990099,"AT2G40260","2",-0.4946112622604,"AT2G40260"
2.73981458456174,40.8852649970879,"AT2G29330","2",2.5,"TRI"
0.0903084026880467,2.27140361094933,"AT3G56220","2",-0.195085565549629,"AT3G56220"
0.392699119408379,7.28013977868375,"AT1G16390","2",1.11409168342649,"AT1G16390"
0.465481134479246,10.4251601630751,"AT1G30750","2",-0.0353606711670685,"AT1G30750"
0.0601837786418993,1.45602795573675,"AT4G16270","2",-0.0190824800096621,"PER40"
0.0712416383642528,1.80547466511357,"AT5G46600","2",0.592120312727082,"ALMT13"
0.16690738802533,4.42632498543972,"AT5G19530","2",-0.222047564015965,"ACL5"
0.0251570026707555,0.46592894583576,"AT2G31310","2",0.0701755478212879,"LBD14"
0.0701103908607178,1.68899242865463,"AT4G36410","2",-0.289220203948955,"UBC17"
0.176296625361444,4.01863715783343,"AT5G04080","2",-0.213450567544665,"AT5G04080"
0.0930532178945897,2.27140361094933,"AT1G04240","2",-0.0721197010619094,"SHY2"
0.0072989796165924,0.17472335468841,"AT1G71050","2",0.287080876478371,"HIPP20"
0.00787076991178934,0.23296447291788,"AT1G71930","2",0.659602270325146,"VND7"
0.0539460967832146,1.39778683750728,"AT4G18780","2",-0.172531214642915,"CESA8"
0.00211401518074298,0.05824111822947,"AT3G55550","2",-0.186619666020235,"LECRKS4"
0.00299442896214709,0.11648223645894,"AT3G60650","2",-0.430380387659461,"AT3G60650"
4.38001146824881,55.2125800815376,"AT2G36120","2",0.0438178374032707,"DOT1"
3.62939243816818,48.0489225393128,"AT4G30450","2",0.114540792670774,"XPP"
0.0382125560621125,1.10658124635993,"AT3G20840","2",-0.275888262917842,"PLT1"
0.574011492866119,12.8130460104834,"AT4G37940","2",0.396687158305833,"AGL21"
0.0431618927254172,0.99009900990099,"AT5G43040","2",-0.421254049708546,"AT5G43040"
0.0435763225115254,1.04834012813046,"AT1G07640","2",-0.256378765606389,"OBP2"
0.0704899946034377,1.63075131042516,"AT2G28810","2",-0.248741045779523,"AT2G28810"
0.0705345047356211,1.68899242865463,"AT5G17800","2",0.243409757028706,"MTB56"
0.013194438563995,0.34944670937682,"AT4G36160","2",-0.493323251363877,"VND2"
0.0123704776635243,0.34944670937682,"AT5G12870","2",-0.0517800517878659,"MYB46"
0.0500518496837532,1.04834012813046,"AT3G52490","2",-0.290860616746087,"SMXL3"
0.0115957208905216,0.34944670937682,"AT5G57130","2",-0.859356176609013,"SMXL5"
0.142742012495458,3.96039603960396,"AT5G09760","2",-0.22778378579658,"AT5G09760"
0.01240103702327,0.40768782760629,"AT2G46570","2",2.12667997868702,"LAC6"
0.00510772964363399,0.17472335468841,"AT5G53730","2",-0.493996670651116,"NHL26"
0.0675313423486348,3.98970398970399,"AT3G54220","13",-1.03507233795761,"SCR"
0.093539061576022,9.90990990990991,"AT5G14750","13",-0.575649474112219,"WER"
0.0124957932409845,1.02960102960103,"AT1G79430","13",-0.28180777217326,"APL"
0.166773302557589,9.65250965250965,"AT1G62510","13",-0.833554445770231,"AT1G62510"
0.0015341533996916,0.128700128700129,"AT3G26120","13",-0.459912409196417,"TEL1"
0.178129361503268,11.969111969112,"AT4G13390","13",-0.707002321220155,"EXT12"
0.00175460298159686,0.128700128700129,"AT2G18380","13",-0.81437206118004,"GATA20"
0.010237521997204,0.772200772200772,"AT1G62500","13",-0.247651274800207,"CO2"
1.21959304175601,36.5508365508366,"AT5G49270","13",2.34461130953049,"COBL9"
0.0220104875908685,0.900900900900901,"AT1G33280","13",-0.247995677531374,"BRN1"
0.010166059032024,0.772200772200772,"AT4G10350","13",-0.251613884490561,"BRN2"
0.0208425779758865,0.900900900900901,"AT1G79580","13",-0.261046848710441,"SMB"
0.0831710763549063,5.53410553410553,"AT5G57620","13",-0.638875322052243,"MYB36"
0.0217868760197917,2.44530244530245,"AT1G79840","13",-0.488563908560988,"GL2"
0,0,"AT3G20880","13",-0.469309512668959,"AT3G20880"
0.265891414873194,16.8597168597169,"AT5G58010","13",-0.353240966701054,"LRL3"
0.13305829826658,8.88030888030888,"AT2G22850","13",-1.04884029236281,"bZIP6"
0.0247136627905946,2.05920205920206,"AT3G25710","13",-0.785453667159086,"TMO5"
0.00159324256739112,0.257400257400257,"AT5G60810","13",-0.54658126150297,"RGF1"
0.821179321583858,46.5894465894466,"AT1G66470","13",2.5,"RHD6"
0.0929884336107805,7.46460746460746,"AT5G37800","13",2.37511621970443,"RSL1"
0,0,"AT5G62940","13",-0.645061834681169,"PEAR1/DOF2.4"
0.0259890578471625,1.54440154440154,"AT3G61930","13",-0.377390686710418,"AT3G61930"
0.0490826828760238,2.31660231660232,"AT2G04025","13",-0.431600912445266,"RGF3"
0,0,"AT3G28540","13",-0.48507031774522,"AT3G28540"
0,0,"AT5G48130","13",-0.277190479924266,"AT5G48130"
0.00502225103257345,0.386100386100386,"AT1G17400","13",-0.33581962982875,"DRO3/LZY2"
0.0258377864167174,2.44530244530245,"AT2G40260","13",-0.588851287273187,"AT2G40260"
0.112316345258592,7.20720720720721,"AT2G29330","13",-0.606627805409711,"TRI"
0.0380362758620092,3.08880308880309,"AT3G56220","13",-0.792225671848477,"AT3G56220"
0.0344506010081626,2.44530244530245,"AT1G16390","13",-0.586854473627989,"AT1G16390"
0.131946027267257,8.62290862290862,"AT1G30750","13",-0.47867320686124,"AT1G30750"
0.0117966048221365,1.02960102960103,"AT4G16270","13",-0.460119503101355,"PER40"
0.00379933902770356,0.257400257400257,"AT5G46600","13",-0.615635304886096,"ALMT13"
0.0784476360552571,5.92020592020592,"AT5G19530","13",-0.62159936043531,"ACL5"
0.00443274068925315,0.514800514800515,"AT2G31310","13",-0.90320283888639,"LBD14"
0.0168140833451896,1.41570141570142,"AT4G36410","13",-0.391381936977361,"UBC17"
0.0649793151289542,4.63320463320463,"AT5G04080","13",-0.382735982038905,"AT5G04080"
0.0296735868167672,2.05920205920206,"AT1G04240","13",-0.66148812057787,"SHY2"
0.00442265888789603,0.386100386100386,"AT1G71050","13",-0.0882622989731267,"HIPP20"
0.00303538039387095,0.128700128700129,"AT1G71930","13",-0.301756478366437,"VND7"
0.0216421179960272,1.41570141570142,"AT4G18780","13",-0.710400593138655,"CESA8"
0.00179623347801994,0.128700128700129,"AT3G55550","13",-0.245730648579863,"LECRKS4"
0.00179623347801994,0.128700128700129,"AT3G60650","13",-0.531600856602339,"AT3G60650"
1.32907471043668,48.9060489060489,"AT2G36120","13",-1.24824518778221,"DOT1"
1.03147748455352,38.3526383526384,"AT4G30450","13",-1.21600672419286,"XPP"
0.00508779687188512,0.257400257400257,"AT3G20840","13",-0.499697663815948,"PLT1"
0.237757192094946,19.4337194337194,"AT4G37940","13",-1.57845129291654,"AGL21"
0.139617947059863,11.0682110682111,"AT5G43040","13",1.43865688830492,"AT5G43040"
0.0138248744276687,1.02960102960103,"AT1G07640","13",-0.49690725414944,"OBP2"
0.0227609180740442,1.67310167310167,"AT2G28810","13",-0.516873787027458,"AT2G28810"
0.0164531325388767,0.900900900900901,"AT5G17800","13",-0.888426109666613,"MTB56"
0.0078647461760842,0.386100386100386,"AT4G36160","13",-0.828577312960442,"VND2"
0.00264808163684412,0.257400257400257,"AT5G12870","13",-0.877589077849827,"MYB46"
0.00849358230233719,0.643500643500644,"AT3G52490","13",-0.707375896501124,"SMXL3"
0.0119661398876901,1.15830115830116,"AT5G57130","13",-0.843496233701547,"SMXL5"
0.0745511320211003,6.82110682110682,"AT5G09760","13",-0.666508581884994,"AT5G09760"
0.00219325372699608,0.128700128700129,"AT2G46570","13",-0.51222863561148,"LAC6"
0.00216244499699895,0.257400257400257,"AT5G53730","13",-0.886404064350219,"NHL26"
0.082779282083107,2.10867802108678,"AT3G54220","6",-0.919845447321959,"SCR"
0.0890012032415312,2.27088402270884,"AT5G14750","6",-0.60110791249706,"WER"
0.0112656259568837,0.32441200324412,"AT1G79430","6",-0.287095041032798,"APL"
0.135626308236342,2.75750202757502,"AT1G62510","6",-0.92411180057491,"AT1G62510"
0,0,"AT3G26120","6",-0.708571225126298,"TEL1"
0.292292687631768,7.21816707218167,"AT4G13390","6",-0.441258705814722,"EXT12"
0.0169715712070041,0.40551500405515,"AT2G18380","6",0.337447615307119,"GATA20"
0.00303075488830454,0.08110300081103,"AT1G62500","6",-0.492941786215406,"CO2"
0.0724743889900372,2.27088402270884,"AT5G49270","6",-0.608492807556225,"COBL9"
0.0173093224210063,0.40551500405515,"AT1G33280","6",-0.266342305960156,"BRN1"
0.00722854760376537,0.24330900243309,"AT4G10350","6",-0.269717330570513,"BRN2"
0.0152862274835816,0.40551500405515,"AT1G79580","6",-0.289040565983016,"SMB"
0.0979429229473518,2.4330900243309,"AT5G57620","6",-0.597389085988571,"MYB36"
0.0378532943275247,1.05433901054339,"AT1G79840","6",-0.316548199944955,"GL2"
0,0,"AT3G20880","6",-0.469309512668959,"AT3G20880"
0.265816730537526,6.81265206812652,"AT5G58010","6",-0.353421886818434,"LRL3"
0.470851821274188,11.1922141119221,"AT2G22850","6",-0.47905963221806,"bZIP6"
0.0326610803190307,0.72992700729927,"AT3G25710","6",-0.738373747689862,"TMO5"
0.00253288572176857,0.08110300081103,"AT5G60810","6",-0.472290216154933,"RGF1"
0.130327405738599,3.81184103811841,"AT1G66470","6",-0.312808722533394,"RHD6"
0,0,"AT5G37800","6",-0.860038643178098,"RSL1"
0,0,"AT5G62940","6",-0.645061834681169,"PEAR1/DOF2.4"
0.180283190059023,3.81184103811841,"AT3G61930","6",0.294559651350842,"AT3G61930"
0.0676271718228021,1.45985401459854,"AT2G04025","6",-0.354237807194555,"RGF3"
0,0,"AT3G28540","6",-0.48507031774522,"AT3G28540"
0,0,"AT5G48130","6",-0.277190479924266,"AT5G48130"
0,0,"AT1G17400","6",-0.402740862047396,"DRO3/LZY2"
0.0315824882880481,0.89213300892133,"AT2G40260","6",-0.53552628057253,"AT2G40260"
0.077914736896655,2.27088402270884,"AT2G29330","6",-0.717827710434118,"TRI"
0.076170140083145,1.78426601784266,"AT3G56220","6",-0.353724032920091,"AT3G56220"
0.042495623337965,0.89213300892133,"AT1G16390","6",-0.542542316396375,"AT1G16390"
0.20573689164165,4.94728304947283,"AT1G30750","6",-0.370263325885918,"AT1G30750"
0.0329282519879371,0.8110300081103,"AT4G16270","6",-0.264970921655762,"PER40"
0.00520353547097807,0.16220600162206,"AT5G46600","6",-0.5896715343141,"ALMT13"
0.032739264270402,0.97323600973236,"AT5G19530","6",-0.84109428804039,"ACL5"
0.00363884451787898,0.16220600162206,"AT2G31310","6",-0.940888863655184,"LBD14"
0.0908562318271093,2.51419302514193,"AT4G36410","6",-0.250822986934953,"UBC17"
0.11208508423714,3.00081103000811,"AT5G04080","6",-0.309036355146966,"AT5G04080"
0.08150246812082,1.54095701540957,"AT1G04240","6",-0.176940117368228,"SHY2"
0,0,"AT1G71050","6",-0.667495769976629,"HIPP20"
0.00371350736314238,0.08110300081103,"AT1G71930","6",-0.166654102686668,"VND7"
0.0142767418792163,0.40551500405515,"AT4G18780","6",-0.835415927850376,"CESA8"
0.00439344533104173,0.08110300081103,"AT3G55550","6",0.236831418827668,"LECRKS4"
0.00328751523352375,0.08110300081103,"AT3G60650","6",-0.405639620616656,"AT3G60650"
1.68282942641869,31.4679643146796,"AT2G36120","6",-1.03002413504778,"DOT1"
1.2641597115721,24.5742092457421,"AT4G30450","6",-1.0408317289543,"XPP"
0.0169389496050261,0.48661800486618,"AT3G20840","6",-0.418788366894549,"PLT1"
0.381669002740841,9.40794809407948,"AT4G37940","6",-0.674481709843119,"AGL21"
0.0904283706352032,2.51419302514193,"AT5G43040","6",0.510718131710112,"AT5G43040"
0.0237924716449478,0.64882400648824,"AT1G07640","6",-0.415545848700637,"OBP2"
0.0401800010628642,1.13544201135442,"AT2G28810","6",-0.417593815338613,"AT2G28810"
0.0290240793779577,0.64882400648824,"AT5G17800","6",-0.62005411234671,"MTB56"
0.0178756760803317,0.48661800486618,"AT4G36160","6",-0.200310541373608,"VND2"
0.00604945306894804,0.08110300081103,"AT5G12870","6",-0.587773365757881,"MYB46"
0.0222913378380133,0.64882400648824,"AT3G52490","6",-0.567215231541425,"SMXL3"
0.0115954358154482,0.40551500405515,"AT5G57130","6",-0.859368384683638,"SMXL5"
0.0574722353649381,1.45985401459854,"AT5G09760","6",-0.780751466445515,"AT5G09760"
0.0057387756697474,0.16220600162206,"AT2G46570","6",0.407391374858583,"LAC6"
0.00201648435631604,0.08110300081103,"AT5G53730","6",-0.905880733995357,"NHL26"
0.0651148284065423,1.6304347826087,"AT3G54220","14",-1.05348460567913,"SCR"
0.122709323113957,2.89855072463768,"AT5G14750","14",-0.414477532703738,"WER"
0.0252816554474025,0.72463768115942,"AT1G79430","14",-0.227231301423332,"APL"
0.177248601941255,5.2536231884058,"AT1G62510","14",-0.803640792062496,"AT1G62510"
0,0,"AT3G26120","14",-0.708571225126298,"TEL1"
0.219629349139505,5.61594202898551,"AT4G13390","14",-0.607534225798325,"EXT12"
0,0,"AT2G18380","14",-0.948306939105837,"GATA20"
0.00542555915812682,0.181159420289855,"AT1G62500","14",-0.411236925100669,"CO2"
0.0595133373318125,1.6304347826087,"AT5G49270","14",-0.657858245625864,"COBL9"
0,0,"AT1G33280","14",-0.334631746484582,"BRN1"
0.0095662341929668,0.36231884057971,"AT4G10350","14",-0.25530623469999,"BRN2"
0,0,"AT1G79580","14",-0.366852645063642,"SMB"
0.108285004404594,2.89855072463768,"AT5G57620","14",-0.568674554947977,"MYB36"
0.0360816797541378,1.08695652173913,"AT1G79840","14",-0.335384942295367,"GL2"
0,0,"AT3G20880","14",-0.469309512668959,"AT3G20880"
0.134255727229269,3.6231884057971,"AT5G58010","14",-0.689940699430125,"LRL3"
2.63999623482862,45.6521739130435,"AT2G22850","14",1.49970426772788,"bZIP6"
0.0220301346745124,0.543478260869565,"AT3G25710","14",-0.801433191257685,"TMO5"
0,0,"AT5G60810","14",-0.672707284031817,"RGF1"
0.0910887302781955,2.35507246376812,"AT1G66470","14",-0.575918269199534,"RHD6"
0.0071266491066033,0.181159420289855,"AT5G37800","14",-0.601658342411607,"RSL1"
0.00544022283152718,0.181159420289855,"AT5G62940","14",0.00239764303501213,"PEAR1/DOF2.4"
0.0299719676577775,0.72463768115942,"AT3G61930","14",-0.358807359036583,"AT3G61930"
0.0533113734871106,1.44927536231884,"AT2G04025","14",-0.413840149368181,"RGF3"
0.00511316455799761,0.181159420289855,"AT3G28540","14",1.25489372656446,"AT3G28540"
0,0,"AT5G48130","14",-0.277190479924266,"AT5G48130"
0,0,"AT1G17400","14",-0.402740862047396,"DRO3/LZY2"
0.310740469643818,7.78985507246377,"AT2G40260","14",1.75142846869198,"AT2G40260"
0.0885767609500728,1.6304347826087,"AT2G29330","14",-0.682988679701879,"TRI"
0.045435628738847,1.26811594202899,"AT3G56220","14",-0.705894307363352,"AT3G56220"
0.0186944451986039,0.543478260869565,"AT1G16390","14",-0.674647067437872,"AT1G16390"
0.16545212633461,4.71014492753623,"AT1G30750","14",-0.428597629787524,"AT1G30750"
0.0115952024592804,0.36231884057971,"AT4G16270","14",-0.461998975870011,"PER40"
0,0,"AT5G46600","14",-0.68606806727573,"ALMT13"
0.0622230578244943,1.6304347826087,"AT5G19530","14",-0.698427340723752,"ACL5"
0.00981556883921781,0.36231884057971,"AT2G31310","14",-0.648464489265719,"LBD14"
0.447358631319149,7.2463768115942,"AT4G36410","14",0.314658028859836,"UBC17"
0.10324053513544,2.89855072463768,"AT5G04080","14",-0.322633105149665,"AT5G04080"
0.0500716522059061,1.44927536231884,"AT1G04240","14",-0.467937342863279,"SHY2"
0,0,"AT1G71050","14",-0.667495769976629,"HIPP20"
0,0,"AT1G71930","14",-0.90761304600942,"VND7"
0,0,"AT4G18780","14",-1.08034716253057,"CESA8"
0,0,"AT3G55550","14",-0.580203281333822,"LECRKS4"
0,0,"AT3G60650","14",-0.683569043142985,"AT3G60650"
1.53077730046724,31.5217391304348,"AT2G36120","14",-1.12006751685012,"DOT1"
1.08856736496497,22.1014492753623,"AT4G30450","14",-1.17123578628051,"XPP"
0,0,"AT3G20840","14",-0.534725802240441,"PLT1"
0.402973720359507,9.23913043478261,"AT4G37940","14",-0.548722214446489,"AGL21"
0.0255952937629727,0.543478260869565,"AT5G43040","14",-0.778426761454023,"AT5G43040"
0.0239537113512573,0.72463768115942,"AT1G07640","14",-0.414236235629722,"OBP2"
0.033189003021024,0.905797101449275,"AT2G28810","14",-0.457237777190749,"AT2G28810"
0.011540718113424,0.36231884057971,"AT5G17800","14",-0.994202221712692,"MTB56"
0.0122605176650923,0.36231884057971,"AT4G36160","14",-0.551942124366598,"VND2"
0.00955976626138366,0.36231884057971,"AT5G12870","14",-0.2897008263685,"MYB46"
0.0359093023067699,0.543478260869565,"AT3G52490","14",-0.430723678428759,"SMXL3"
0.0130673155075169,0.36231884057971,"AT5G57130","14",-0.796382309783167,"SMXL5"
0.0683054670309555,1.6304347826087,"AT5G09760","14",-0.708074638662014,"AT5G09760"
0,0,"AT2G46570","14",-1.08273415093346,"LAC6"
0.00736719887311326,0.181159420289855,"AT5G53730","14",-0.193740761453825,"NHL26"
0.14826270342774,2.39273927392739,"AT3G54220","7",-0.442772296788703,"SCR"
0.130095543828945,2.22772277227723,"AT5G14750","7",-0.374331491384927,"WER"
0.0441444381943039,0.412541254125412,"AT1G79430","7",-0.147945695286683,"APL"
0.175679218513577,2.88778877887789,"AT1G62510","7",-0.808105389589225,"AT1G62510"
0.0137743323581107,0.0825082508250825,"AT3G26120","7",1.51046567682455,"TEL1"
0.358962627415682,5.52805280528053,"AT4G13390","7",-0.296725372550867,"EXT12"
0.009219686791751,0.165016501650165,"AT2G18380","7",-0.247146605899192,"GATA20"
0.0185158256263394,0.247524752475248,"AT1G62500","7",0.0319599285338598,"CO2"
0.149684757581115,2.39273927392739,"AT5G49270","7",-0.326240545879676,"COBL9"
0,0,"AT1G33280","7",-0.334631746484582,"BRN1"
0.0203408338337466,0.412541254125412,"AT4G10350","7",-0.189312713563281,"BRN2"
0.0348086572674092,0.33003300330033,"AT1G79580","7",-0.191351008018186,"SMB"
0.207857256876913,3.46534653465347,"AT5G57620","7",-0.305173815514419,"MYB36"
0.0249567235675047,0.412541254125412,"AT1G79840","7",-0.454412638063039,"GL2"
0.0026572705579737,0.0825082508250825,"AT3G20880","7",0.343924418296912,"AT3G20880"
0.189352054096415,3.3003300330033,"AT5G58010","7",-0.544491205763911,"LRL3"
4.32409428150209,46.2046204620462,"AT2G22850","7",2.33008798465909,"bZIP6"
0.43504683540573,6.68316831683168,"AT3G25710","7",1.26685521113514,"TMO5"
0.0158599403121884,0.247524752475248,"AT5G60810","7",0.573954620462117,"RGF1"
0.149973799201772,2.55775577557756,"AT1G66470","7",-0.184484576614884,"RHD6"
0,0,"AT5G37800","7",-0.860038643178098,"RSL1"
0,0,"AT5G62940","7",-0.645061834681169,"PEAR1/DOF2.4"
0.033402368606809,0.577557755775578,"AT3G61930","7",-0.342859418560273,"AT3G61930"
0.0469878673870944,0.742574257425743,"AT2G04025","7",-0.440425801794465,"RGF3"
0.00642087555059022,0.0825082508250825,"AT3G28540","7",1.69847469034665,"AT3G28540"
0.00924092105949161,0.165016501650165,"AT5G48130","7",-0.141496490341239,"AT5G48130"
0.00919918907230247,0.33003300330033,"AT1G17400","7",-0.280416379801619,"DRO3/LZY2"
0.0318075240705894,0.742574257425743,"AT2G40260","7",-0.533443442212153,"AT2G40260"
0.156527673171391,2.64026402640264,"AT2G29330","7",-0.468664437662564,"TRI"
0.0899794519895412,1.48514851485149,"AT3G56220","7",-0.198753129276942,"AT3G56220"
0.0520134407789789,1.32013201320132,"AT1G16390","7",-0.49055746163616,"AT1G16390"
0.331292515251771,4.86798679867987,"AT1G30750","7",-0.200214683830588,"AT1G30750"
0.013235932939309,0.33003300330033,"AT4G16270","7",-0.446698674226892,"PER40"
0.0146892877486187,0.247524752475248,"AT5G46600","7",-0.415223119704271,"ALMT13"
0.247300922276996,3.87788778877888,"AT5G19530","7",0.11562403613819,"ACL5"
0.0177833837928945,0.33003300330033,"AT2G31310","7",-0.273875328306875,"LBD14"
0.275709705905992,3.87788778877888,"AT4G36410","7",0.0622157024093361,"UBC17"
0.205665992524731,3.46534653465347,"AT5G04080","7",-0.171457622428619,"AT5G04080"
0.162956015278365,2.06270627062706,"AT1G04240","7",0.539518891271708,"SHY2"
0,0,"AT1G71050","7",-0.667495769976629,"HIPP20"
0.00259378342738392,0.0825082508250825,"AT1G71930","7",-0.389784397512835,"VND7"
0.0509405745293109,0.907590759075908,"AT4G18780","7",-0.221873408437157,"CESA8"
0,0,"AT3G55550","7",-0.580203281333822,"LECRKS4"
0.0142568751759843,0.247524752475248,"AT3G60650","7",0.515174803380063,"AT3G60650"
14.6290081254539,68.0693069306931,"AT2G36120","7",1.68962928899793,"DOT1"
9.96280333961212,45.957095709571,"AT4G30450","7",1.50715231348681,"XPP"
0.0385363517777094,0.247524752475248,"AT3G20840","7",-0.273735942796365,"PLT1"
0.633656254242402,10.973597359736,"AT4G37940","7",0.70236151035496,"AGL21"
0.0226110547428252,0.577557755775578,"AT5G43040","7",-0.839711151763693,"AT5G43040"
0.0835543948226181,1.65016501650165,"AT1G07640","7",0.056247843167936,"OBP2"
0.140958870563236,2.80528052805281,"AT2G28810","7",0.12604233768791,"AT2G28810"
0.0268045554248103,0.577557755775578,"AT5G17800","7",-0.667198660790347,"MTB56"
0.0370518450156679,0.577557755775578,"AT4G36160","7",0.986080543618686,"VND2"
0.00812123682737784,0.165016501650165,"AT5G12870","7",-0.411725686738492,"MYB46"
0.188147098131418,3.71287128712871,"AT3G52490","7",0.983543015901862,"SMXL3"
0.0544118838411722,0.825082508250825,"AT5G57130","7",0.936464070702867,"SMXL5"
0.607576767529997,10.1485148514851,"AT5G09760","7",2.20584792541447,"AT5G09760"
0.00886516372135345,0.165016501650165,"AT2G46570","7",1.21561277085258,"LAC6"
0,0,"AT5G53730","7",-1.17524673765286,"NHL26"
0.189826613707278,9.05716406829993,"AT3G54220","4",-0.153878875058642,"SCR"
0.131757590855085,6.38455827765405,"AT5G14750","4",-0.36533399979707,"WER"
0.0334239426822658,1.33630289532294,"AT1G79430","4",-0.192829521060123,"APL"
0.637710035761337,22.1232368225687,"AT1G62510","4",0.301206402984829,"AT1G62510"
0.00279464496110285,0.148478099480327,"AT3G26120","4",-0.255894154559786,"TEL1"
4.4030647415202,61.9153674832962,"AT4G13390","4",2.5,"EXT12"
0.0178424421118269,0.593912397921307,"AT2G18380","4",0.402844134898854,"GATA20"
0.011846669091892,0.593912397921307,"AT1G62500","4",-0.19312112890816,"CO2"
1.5876202040009,42.3162583518931,"AT5G49270","4",2.5,"COBL9"
0.018257020000416,0.89086859688196,"AT1G33280","4",-0.262637035913711,"BRN1"
0.00764732399186885,0.519673348181143,"AT4G10350","4",-0.267133249507735,"BRN2"
0.0255513273488223,1.11358574610245,"AT1G79580","4",-0.237442489390318,"SMB"
0.211033592673891,7.72086117297698,"AT5G57620","4",-0.297130198992508,"MYB36"
0.0429120937830648,2.44988864142539,"AT1G79840","4",-0.262936844578545,"GL2"
0.00176591459895727,0.0742390497401633,"AT3G20880","4",0.0713733585386359,"AT3G20880"
3.97969764439805,68.9680772086117,"AT5G58010","4",2.5,"LRL3"
0.519728021666138,16.4068299925761,"AT2G22850","4",-0.407674309560448,"bZIP6"
0.136599588755503,6.23608017817372,"AT3G25710","4",-0.153962801173272,"TMO5"
0.00144403684689247,0.148478099480327,"AT5G60810","4",-0.558384331324719,"RGF1"
0.322585848728251,14.4766146993318,"AT1G66470","4",0.856965282655958,"RHD6"
0.019304394871952,1.33630289532294,"AT5G37800","4",-0.164350489136587,"RSL1"
0.00693648293449425,0.22271714922049,"AT5G62940","4",0.179858450857905,"PEAR1/DOF2.4"
0.0514965615159525,2.2271714922049,"AT3G61930","4",-0.259605926234799,"AT3G61930"
0.0789713385733618,3.26651818856719,"AT2G04025","4",-0.307572399435568,"RGF3"
0,0,"AT3G28540","4",-0.48507031774522,"AT3G28540"
0.00680728451306817,0.296956198960653,"AT5G48130","4",-0.177111192840995,"AT5G48130"
0.00750061059868451,0.296956198960653,"AT1G17400","4",-0.30291874994047,"DRO3/LZY2"
0.0639922387178836,2.96956198960653,"AT2G40260","4",-0.240138534728734,"AT2G40260"
0.3543909351469,13.0660727542687,"AT2G29330","4",0.090338101873691,"TRI"
0.111900432494952,5.12249443207127,"AT3G56220","4",0.0432613717642437,"AT3G56220"
0.122142248335094,5.34521158129176,"AT1G16390","4",-0.121430966907489,"AT1G16390"
0.39208222900796,14.8478099480327,"AT1G30750","4",-0.123566405442738,"AT1G30750"
0.0749029127649703,2.89532293986637,"AT4G16270","4",0.11109177219548,"PER40"
0.017920724618969,0.89086859688196,"AT5G46600","4",-0.356167346108092,"ALMT13"
0.238163249503071,9.13140311804009,"AT5G19530","4",0.0783576225893003,"ACL5"
0.0207646349440253,1.03934669636229,"AT2G31310","4",-0.13447181548035,"LBD14"
0.100459327580711,4.4543429844098,"AT4G36410","4",-0.233295787139241,"UBC17"
0.17798367695358,7.72086117297698,"AT5G04080","4",-0.211010145457239,"AT5G04080"
0.0811276319796864,3.637713437268,"AT1G04240","4",-0.180360395098849,"SHY2"
0.0020616231530176,0.0742390497401633,"AT1G71050","4",-0.397167914172561,"HIPP20"
0.00438874361511516,0.148478099480327,"AT1G71930","4",-0.0322183052873163,"VND7"
0.0546973433944047,2.00445434298441,"AT4G18780","4",-0.160219846310925,"CESA8"
0.000912812612076255,0.0742390497401633,"AT3G55550","4",-0.410155468518356,"LECRKS4"
0.00974934502947891,0.22271714922049,"AT3G60650","4",0.138004786813174,"AT3G60650"
5.35530988101909,71.8634001484781,"AT2G36120","4",0.300928334861116,"DOT1"
3.75575530570203,64.9591685226429,"AT4G30450","4",0.158043452301044,"XPP"
0.042127037844939,1.70749814402376,"AT3G20840","4",-0.249912978648763,"PLT1"
0.339067517728399,14.6250927988122,"AT4G37940","4",-0.9318765047655,"AGL21"
0.12651196053323,6.23608017817372,"AT5G43040","4",1.19539200382461,"AT5G43040"
0.0440756190401278,2.00445434298441,"AT1G07640","4",-0.252400923066269,"OBP2"
0.0697332898153228,2.89532293986637,"AT2G28810","4",-0.252898047846535,"AT2G28810"
0.0607019111921843,2.96956198960653,"AT5G17800","4",0.041945537310029,"MTB56"
0.0231997606308898,0.89086859688196,"AT4G36160","4",0.131306470557377,"VND2"
0.00738296985015243,0.296956198960653,"AT5G12870","4",-0.474417632853519,"MYB46"
0.0514028037303138,2.37564959168523,"AT3G52490","4",-0.277599027764165,"SMXL3"
0.040079361828147,1.70749814402376,"AT5G57130","4",0.34357192726582,"SMXL5"
0.13467301310915,6.6815144766147,"AT5G09760","4",-0.278311696183297,"AT5G09760"
0.000691625207193619,0.0742390497401633,"AT2G46570","4",-0.902694787937413,"LAC6"
0.0125678993573151,0.593912397921307,"AT5G53730","4",0.494817693021179,"NHL26"
0.184055756534651,5.95399188092016,"AT3G54220","3",-0.1933808294671,"SCR"
0.096734394882562,2.97699594046008,"AT5G14750","3",-0.557786219024065,"WER"
0.017353150031532,0.47361299052774,"AT1G79430","3",-0.260993386610981,"APL"
1.19536019303375,26.5899864682003,"AT1G62510","3",1.28198131636051,"AT1G62510"
0.00370232503309178,0.13531799729364,"AT3G26120","3",-0.109139353977602,"TEL1"
0.422133887087343,12.3815967523681,"AT4G13390","3",-0.166175598302045,"EXT12"
0.00951016946007426,0.27063599458728,"AT2G18380","3",-0.225159525224484,"GATA20"
0.00149754313073968,0.06765899864682,"AT1G62500","3",-0.545353708747243,"CO2"
0.15423837168884,5.0744248985115,"AT5G49270","3",-0.310191437557829,"COBL9"
0.0276811042053507,1.08254397834912,"AT1G33280","3",-0.22597766073807,"BRN1"
0.00620526340601944,0.20297699594046,"AT4G10350","3",-0.276036080731923,"BRN2"
0.0147371187059281,0.40595399188092,"AT1G79580","3",-0.29181537101315,"SMB"
0.149873474149383,4.46549391069012,"AT5G57620","3",-0.455848707867216,"MYB36"
0.0412088270110857,1.3531799729364,"AT1G79840","3",-0.280958365519802,"GL2"
0,0,"AT3G20880","3",-0.469309512668959,"AT3G20880"
0.343834973530481,9.74289580514208,"AT5G58010","3",-0.170015678836397,"LRL3"
0.63349707552996,16.0351826792963,"AT2G22850","3",-0.250027222547962,"bZIP6"
0.0975288088805288,2.90933694181326,"AT3G25710","3",-0.367124492061938,"TMO5"
0.00595984286775234,0.20297699594046,"AT5G60810","3",-0.201933374222532,"RGF1"
0.0741817854783404,2.30040595399188,"AT1G66470","3",-0.692215350181609,"RHD6"
0.0150631737733315,0.47361299052774,"AT5G37800","3",-0.316058702603639,"RSL1"
0.00408142217047846,0.20297699594046,"AT5G62940","3",-0.158989036785603,"PEAR1/DOF2.4"
0.030852671335752,0.87956698240866,"AT3G61930","3",-0.354707903832895,"AT3G61930"
0.0459553517313924,1.42083897158322,"AT2G04025","3",-0.44478200849159,"RGF3"
0.00204099543429318,0.06765899864682,"AT3G28540","3",0.210526631065245,"AT3G28540"
0,0,"AT5G48130","3",-0.277190479924266,"AT5G48130"
0.00762606223425642,0.27063599458728,"AT1G17400","3",-0.301255499000824,"DRO3/LZY2"
0.448899121121516,13.1258457374831,"AT2G40260","3",2.5,"AT2G40260"
0.285603158932429,8.86332882273342,"AT2G29330","3",-0.0941577114583083,"TRI"
0.058693785914266,1.96211096075778,"AT3G56220","3",-0.552723094418436,"AT3G56220"
0.0579737903728896,1.89445196211096,"AT1G16390","3",-0.458241894615704,"AT1G16390"
0.317122068328554,9.1339648173207,"AT1G30750","3",-0.218584689438651,"AT1G30750"
0.0207363211147532,0.6765899864682,"AT4G16270","3",-0.377069355368962,"PER40"
0.0238558743635349,0.81190798376184,"AT5G46600","3",-0.2481869133798,"ALMT13"
0.159283413720959,5.27740189445196,"AT5G19530","3",-0.255269519555775,"ACL5"
0.0101180959452025,0.3382949932341,"AT2G31310","3",-0.63418794886491,"LBD14"
0.088300488229239,2.77401894451962,"AT4G36410","3",-0.255513630535029,"UBC17"
0.15554244276931,4.7361299052774,"AT5G04080","3",-0.243762470697898,"AT5G04080"
0.0484103851860604,1.82679296346414,"AT1G04240","3",-0.48355933559648,"SHY2"
0.00185570484494846,0.06765899864682,"AT1G71050","3",-0.424143691383356,"HIPP20"
0.00389068422350878,0.06765899864682,"AT1G71930","3",-0.131370421237754,"VND7"
0.0539154937316209,1.75913396481732,"AT4G18780","3",-0.173032920965245,"CESA8"
0,0,"AT3G55550","3",-0.580203281333822,"LECRKS4"
0.00190535056735624,0.06765899864682,"AT3G60650","3",-0.522377916727569,"AT3G60650"
4.59260529505835,68.9445196211096,"AT2G36120","3",0.103627201110288,"DOT1"
3.63665934715387,61.8403247631935,"AT4G30450","3",0.117074557432308,"XPP"
0.0212408334278902,0.54127198917456,"AT3G20840","3",-0.389651920105137,"PLT1"
0.460322275496695,14.0730717185386,"AT4G37940","3",-0.219461186448757,"AGL21"
0.0367848200451945,1.15020297699594,"AT5G43040","3",-0.550215581997365,"AT5G43040"
0.0267946026797869,0.81190798376184,"AT1G07640","3",-0.391195854303404,"OBP2"
0.0472539817526334,1.6914749661705,"AT2G28810","3",-0.377749569770462,"AT2G28810"
0.192079982592927,5.68335588633288,"AT5G17800","3",2.5,"MTB56"
0.00108654245458199,0.06765899864682,"AT4G36160","3",-1.25751755082432,"VND2"
0.0053072585081425,0.13531799729364,"AT5G12870","3",-0.650928794289541,"MYB46"
0.0341069288674355,0.87956698240866,"AT3G52490","3",-0.448685322575983,"SMXL3"
0.0153301031024974,0.54127198917456,"AT5G57130","3",-0.699729214059556,"SMXL5"
0.124493341371081,4.0595399188092,"AT5G09760","3",-0.342571666615671,"AT5G09760"
0.00980388942882085,0.27063599458728,"AT2G46570","3",1.45779953729737,"LAC6"
0.0113660341744956,0.3382949932341,"AT5G53730","3",0.336008769662138,"NHL26"
0.139631705869748,4.57142857142857,"AT3G54220","12",-0.504072748420821,"SCR"
0.651411066296188,13.8285714285714,"AT5G14750","12",1.94801648643505,"WER"
0.0201711668699899,0.571428571428571,"AT1G79430","12",-0.248963333600251,"APL"
0.467560223149699,9.71428571428571,"AT1G62510","12",-0.0659313687902614,"AT1G62510"
0.0052042674993495,0.114285714285714,"AT3G26120","12",0.133405256276467,"TEL1"
0.506443184488843,10.7428571428571,"AT4G13390","12",-0.000698927833746317,"EXT12"
0.0128730337877188,0.342857142857143,"AT2G18380","12",0.0289212727995321,"GATA20"
0.0273271311622224,0.342857142857143,"AT1G62500","12",0.327088128648801,"CO2"
0.171925061444382,4,"AT5G49270","12",-0.248449990175811,"COBL9"
1.96243248979815,24.4571428571429,"AT1G33280","12",2.5,"BRN1"
1.00150148601013,15.4285714285714,"AT4G10350","12",2.5,"BRN2"
1.33521594483165,24.3428571428571,"AT1G79580","12",2.5,"SMB"
0.212702596282091,4.57142857142857,"AT5G57620","12",-0.292912136912311,"MYB36"
0.12091766594436,2.28571428571429,"AT1G79840","12",0.532347367227991,"GL2"
0,0,"AT3G20880","12",-0.469309512668959,"AT3G20880"
0.436797320770119,9.14285714285714,"AT5G58010","12",0.035098828678606,"LRL3"
0.3860155416722,6.97142857142857,"AT2G22850","12",-0.608791736696915,"bZIP6"
0.13005248015368,3.54285714285714,"AT3G25710","12",-0.189166380039923,"TMO5"
0.0052042674993495,0.114285714285714,"AT5G60810","12",-0.261462408221465,"RGF1"
0.117240359391196,2.4,"AT1G66470","12",-0.399533015786159,"RHD6"
0.00826126765035402,0.228571428571429,"AT5G37800","12",-0.560690956949373,"RSL1"
0.00741152492125257,0.114285714285714,"AT5G62940","12",0.2361446679067,"PEAR1/DOF2.4"
1.50031073376002,18.5142857142857,"AT3G61930","12",2.5,"AT3G61930"
1.7065588320461,14.1714285714286,"AT2G04025","12",2.5,"RGF3"
0.0105345409437668,0.228571428571429,"AT3G28540","12",2.5,"AT3G28540"
0.336289413168158,6.4,"AT5G48130","12",2.5,"AT5G48130"
0.37990050027744,4,"AT1G17400","12",2.5,"DRO3/LZY2"
0.0397746084432524,0.8,"AT2G40260","12",-0.459994641139614,"AT2G40260"
0.249792469894881,6.05714285714286,"AT2G29330","12",-0.194152118959516,"TRI"
0.0973530614619597,2.05714285714286,"AT3G56220","12",-0.116807148566026,"AT3G56220"
0.112654845314024,2.28571428571429,"AT1G16390","12",-0.169996770602206,"AT1G16390"
0.376506828426526,6.97142857142857,"AT1G30750","12",-0.142881323772322,"AT1G30750"
0.0597945366530653,1.14285714285714,"AT4G16270","12",-0.0225493673667123,"PER40"
0.00753204876842863,0.342857142857143,"AT5G46600","12",-0.546696862085969,"ALMT13"
0.264558654517605,4.91428571428571,"AT5G19530","12",0.185267882862311,"ACL5"
0.00628634292000629,0.114285714285714,"AT2G31310","12",-0.815328705200152,"LBD14"
0.0906311888136908,2.17142857142857,"AT4G36410","12",-0.251235574603248,"UBC17"
0.185858863125459,4.45714285714286,"AT5G04080","12",-0.199664255429166,"AT5G04080"
0.0845140820364632,1.71428571428571,"AT1G04240","12",-0.149502906702491,"SHY2"
0.0112930547713156,0.114285714285714,"AT1G71050","12",0.806510899582849,"HIPP20"
0.00432572726289607,0.114285714285714,"AT1G71930","12",-0.0447606876188032,"VND7"
0.0769167876812693,1.48571428571429,"AT4G18780","12",0.199999689332233,"CESA8"
0.0203583047832098,0.342857142857143,"AT3G55550","12",2.5,"LECRKS4"
0.0455768308129959,0.914285714285714,"AT3G60650","12",2.5,"AT3G60650"
4.55125536345092,53.7142857142857,"AT2G36120","12",0.0921743000918638,"DOT1"
4.10584104162499,48.2285714285714,"AT4G30450","12",0.272785061784073,"XPP"
0.827412108083939,12.2285714285714,"AT3G20840","12",2.5,"PLT1"
0.722171592769629,14.2857142857143,"AT4G37940","12",1.13601777025667,"AGL21"
0.130798746696302,2.85714285714286,"AT5G43040","12",1.27527064465049,"AT5G43040"
0.0207325367334567,0.571428571428571,"AT1G07640","12",-0.440438273997936,"OBP2"
0.0765808847411124,1.71428571428571,"AT2G28810","12",-0.215387011215279,"AT2G28810"
0.0599032806770385,1.6,"AT5G17800","12",0.025500135590418,"MTB56"
0.024236429111845,0.571428571428571,"AT4G36160","12",0.195675874144752,"VND2"
0.0243022317856506,0.228571428571429,"AT5G12870","12",0.950917646820151,"MYB46"
0.0396312331770804,0.8,"AT3G52490","12",-0.393731279267823,"SMXL3"
0.0207822071110485,0.571428571428571,"AT5G57130","12",-0.467729051572653,"SMXL5"
0.160761987018384,4,"AT5G09760","12",-0.116219270888572,"AT5G09760"
0.0016148892791538,0.114285714285714,"AT2G46570","12",-0.662550535167294,"LAC6"
0.0139074449843043,0.571428571428571,"AT5G53730","12",0.67159710224629,"NHL26"
0.148897198645179,3.93289328932893,"AT3G54220","0",-0.438284080946166,"SCR"
0.115953608656104,2.94279427942794,"AT5G14750","0",-0.451428546721607,"WER"
0.021075414845972,0.55005500550055,"AT1G79430","0",-0.245110159928376,"APL"
0.631817236539421,14.5214521452145,"AT1G62510","0",0.289142191477913,"AT1G62510"
0.00421831326019927,0.11001100110011,"AT3G26120","0",-0.0257729145344974,"TEL1"
0.473281431182764,11.5511551155116,"AT4G13390","0",-0.0646543290205296,"EXT12"
0.0153847616445576,0.302530253025303,"AT2G18380","0",0.218144828127176,"GATA20"
0.00718067534761142,0.192519251925193,"AT1G62500","0",-0.351480139937221,"CO2"
0.175288636352708,4.59295929592959,"AT5G49270","0",-0.236813798300371,"COBL9"
0.0188594214546181,0.522552255225523,"AT1G33280","0",-0.26028358310407,"BRN1"
0.0125626215033593,0.385038503850385,"AT4G10350","0",-0.236883178501365,"BRN2"
0.0249866271112342,0.715071507150715,"AT1G79580","0",-0.240267533792258,"SMB"
0.143574125554193,3.98789878987899,"AT5G57620","0",-0.472673468058385,"MYB36"
0.0589604923829452,1.84268426842684,"AT1G79840","0",-0.0945666012770081,"GL2"
0.00307838312541778,0.055005500550055,"AT3G20880","0",0.472604286095942,"AT3G20880"
0.511871738243479,12.6512651265127,"AT5G58010","0",0.191280758092699,"LRL3"
0.339946284196752,8.003300330033,"AT2G22850","0",-0.682609522621778,"bZIP6"
0.19511068846578,4.45544554455445,"AT3G25710","0",0.151934595555869,"TMO5"
0.0036206922126724,0.137513751375138,"AT5G60810","0",-0.38637184298197,"RGF1"
0.173729798822457,4.53795379537954,"AT1G66470","0",-0.032214444133591,"RHD6"
0.0144746640377424,0.412541254125412,"AT5G37800","0",-0.337159724435257,"RSL1"
0.00321748029286106,0.0825082508250825,"AT5G62940","0",-0.261714253327855,"PEAR1/DOF2.4"
0.141960980054461,3.21782178217822,"AT3G61930","0",0.136245608559064,"AT3G61930"
0.0717389650537934,1.67766776677668,"AT2G04025","0",-0.337266475223141,"RGF3"
0,0,"AT3G28540","0",-0.48507031774522,"AT3G28540"
0.00308152114578752,0.11001100110011,"AT5G48130","0",-0.23180246657278,"AT5G48130"
0.00480582937047576,0.137513751375138,"AT1G17400","0",-0.338696535488797,"DRO3/LZY2"
0.0633131520866727,1.5951595159516,"AT2G40260","0",-0.246235035946939,"AT2G40260"
0.274315567264334,6.6006600660066,"AT2G29330","0",-0.125372314502042,"TRI"
0.101214914698713,2.5027502750275,"AT3G56220","0",-0.0741082175815175,"AT3G56220"
0.0898589471492559,2.39273927392739,"AT1G16390","0",-0.288402385881748,"AT1G16390"
0.340746753024724,8.47084708470847,"AT1G30750","0",-0.188067011633226,"AT1G30750"
0.0364802363008847,0.962596259625963,"AT4G16270","0",-0.232561095501727,"PER40"
0.0110663514633276,0.357535753575358,"AT5G46600","0",-0.48165774417845,"ALMT13"
0.245031383076447,5.61056105610561,"AT5G19530","0",0.10639365977286,"ACL5"
0.0238283633158987,0.577557755775578,"AT2G31310","0",0.00836478457155834,"LBD14"
0.0866971903132717,1.73267326732673,"AT4G36410","0",-0.258461844026071,"UBC17"
0.202198242586729,5.03300330033003,"AT5G04080","0",-0.176362303296396,"AT5G04080"
0.13760259188861,3.3003300330033,"AT1G04240","0",0.322037028606919,"SHY2"
0.00837888120334326,0.22002200220022,"AT1G71050","0",0.427725099838522,"HIPP20"
0.00353475632291261,0.0825082508250825,"AT1G71930","0",-0.202257584506944,"VND7"
0.0735262330188597,1.92519251925193,"AT4G18780","0",0.145515549335503,"CESA8"
0.00241152674501363,0.0825082508250825,"AT3G55550","0",-0.131296144882381,"LECRKS4"
0.00551478671401365,0.11001100110011,"AT3G60650","0",-0.217861156554804,"AT3G60650"
5.41211503200241,68.8668866886689,"AT2G36120","0",0.314661216075165,"DOT1"
4.7798392096914,65.1265126512651,"AT4G30450","0",0.473080123312265,"XPP"
0.0285737035687328,0.742574257425743,"AT3G20840","0",-0.340268514919412,"PLT1"
0.458974487374275,12.2937293729373,"AT4G37940","0",-0.227049922048803,"AGL21"
0.0869665996333342,1.95269526952695,"AT5G43040","0",0.443845078520326,"AT5G43040"
0.0342007125140718,0.797579757975798,"AT1G07640","0",-0.331428760315291,"OBP2"
0.0673831190690687,1.65016501650165,"AT2G28810","0",-0.265827622476522,"AT2G28810"
0.167642800794814,4.31793179317932,"AT5G17800","0",2.13921171452984,"MTB56"
0.0116244782735974,0.302530253025303,"AT4G36160","0",-0.591895007609542,"VND2"
0.018245329001673,0.44004400440044,"AT5G12870","0",0.443387672388196,"MYB46"
0.0389060606094173,0.962596259625963,"AT3G52490","0",-0.400928395452307,"SMXL3"
0.0405288019648456,1.04510451045105,"AT5G57130","0",0.362287641740976,"SMXL5"
0.170352231683534,4.34543454345435,"AT5G09760","0",-0.0575486608605815,"AT5G09760"
0.00695338194397889,0.192519251925193,"AT2G46570","0",0.721684592957173,"LAC6"
0.00589693579484093,0.165016501650165,"AT5G53730","0",-0.389044159580169,"NHL26"
0.231855365718399,13.5208711433757,"AT3G54220","9",0.128160400757024,"SCR"
0.278844373282212,15.6987295825771,"AT5G14750","9",0.382715681605239,"WER"
0.0253478212734059,1.08892921960073,"AT1G79430","9",-0.226950646268269,"APL"
0.259699089478539,12.431941923775,"AT1G62510","9",-0.577085292679373,"AT1G62510"
0.0097324814653332,0.635208711433757,"AT3G26120","9",0.862466895658247,"TEL1"
0.284027671127522,12.9764065335753,"AT4G13390","9",-0.459693712119001,"EXT12"
0.019380525501724,0.725952813067151,"AT2G18380","9",0.518207243111683,"GATA20"
0.0339607126696682,2.35934664246824,"AT1G62500","9",0.547609651665343,"CO2"
0.101123570413792,5.53539019963702,"AT5G49270","9",-0.50145917748246,"COBL9"
0.0177077158143276,1.17967332123412,"AT1G33280","9",-0.264784263073895,"BRN1"
0.029085526510919,1.17967332123412,"AT4G10350","9",-0.13626250380125,"BRN2"
0.0919634360160457,3.72050816696915,"AT1G79580","9",0.0843963036603168,"SMB"
0.114632155214123,6.98729582577133,"AT5G57620","9",-0.551184237591989,"MYB36"
0.038420449498067,3.26678765880218,"AT1G79840","9",-0.310524700457371,"GL2"
0.00904157485480246,0.181488203266788,"AT3G20880","9",2.28900752448703,"AT3G20880"
0.236848504822617,10.8892921960073,"AT5G58010","9",-0.42441390276759,"LRL3"
0.274520930673184,11.070780399274,"AT2G22850","9",-0.791925030440338,"bZIP6"
0.184446748324672,7.07803992740472,"AT3G25710","9",0.097315394997013,"TMO5"
0.0275139962309217,0.907441016333938,"AT5G60810","9",1.47767170057367,"RGF1"
0.111022442893476,7.89473684210526,"AT1G66470","9",-0.44109407599053,"RHD6"
0.0198122246027557,1.27041742286751,"AT5G37800","9",-0.146227783216321,"RSL1"
0.033927611103027,1.08892921960073,"AT5G62940","9",2.5,"PEAR1/DOF2.4"
0.0284552484539585,1.72413793103448,"AT3G61930","9",-0.365875530811921,"AT3G61930"
0.305544913452753,6.44283121597096,"AT2G04025","9",0.533997846531443,"RGF3"
0,0,"AT3G28540","9",-0.48507031774522,"AT3G28540"
0.0138302851857753,0.544464609800363,"AT5G48130","9",-0.074567172870931,"AT5G48130"
0.0117371632215033,0.272232304900181,"AT1G17400","9",-0.246864366353864,"DRO3/LZY2"
0.0598555927200311,4.3557168784029,"AT2G40260","9",-0.277335783444017,"AT2G40260"
0.25415573780025,14.519056261343,"AT2G29330","9",-0.18181633183306,"TRI"
0.0868511508533014,5.8983666061706,"AT3G56220","9",-0.233686854929204,"AT3G56220"
0.065909788433056,3.26678765880218,"AT1G16390","9",-0.415496277990813,"AT1G16390"
0.169274473440496,8.71143375680581,"AT1G30750","9",-0.422976779126764,"AT1G30750"
0.0328144524680174,1.72413793103448,"AT4G16270","9",-0.266011118818319,"PER40"
0.0317412393583302,0.725952813067151,"AT5G46600","9",-0.105689719127793,"ALMT13"
0.288929984394127,10.4355716878403,"AT5G19530","9",0.282016782382435,"ACL5"
0.0205025984016998,0.998185117967332,"AT2G31310","9",-0.146708331640278,"LBD14"
0.0331696189993959,2.35934664246824,"AT4G36410","9",-0.359471922652576,"UBC17"
0.117280531367574,6.26134301270417,"AT5G04080","9",-0.301099707589716,"AT5G04080"
0.0362228862952339,2.08711433756806,"AT1G04240","9",-0.598929105313243,"SHY2"
0.00036115617938945,0.0907441016333938,"AT1G71050","9",-0.620099360131675,"HIPP20"
0.00503969401919866,0.544464609800363,"AT1G71930","9",0.0972967798944312,"VND7"
0.0590305916660905,2.26860254083485,"AT4G18780","9",-0.0893776489739133,"CESA8"
0.00425687838010823,0.272232304900181,"AT3G55550","9",0.211488371873391,"LECRKS4"
0.0178524505367367,0.907441016333938,"AT3G60650","9",0.814836632248772,"AT3G60650"
2.82729087957976,57.8947368421053,"AT2G36120","9",-0.481719984449738,"DOT1"
2.04699733521866,50.453720508167,"AT4G30450","9",-0.561132727197956,"XPP"
0.170450541261429,7.3502722323049,"AT3G20840","9",0.551608399711762,"PLT1"
0.62379965651909,30.6715063520871,"AT4G37940","9",0.65262494132641,"AGL21"
0.0396002811604174,2.26860254083485,"AT5G43040","9",-0.493181880067322,"AT5G43040"
0.0911324147491436,3.53901996370236,"AT1G07640","9",0.114205111409752,"OBP2"
0.110524408292952,6.35208711433757,"AT2G28810","9",-0.0328987518922934,"AT2G28810"
0.0534966014963818,2.81306715063521,"AT5G17800","9",-0.106876401085047,"MTB56"
0.0444463259332286,2.26860254083485,"AT4G36160","9",1.4377112012351,"VND2"
0.00572518506521361,0.272232304900181,"AT5G12870","9",-0.615360511625808,"MYB46"
0.11184794520247,6.17059891107078,"AT3G52490","9",0.29895836949805,"SMXL3"
0.0776189810018471,3.99274047186933,"AT5G57130","9",1.87958923869959,"SMXL5"
0.131137456540492,9.43738656987296,"AT5G09760","9",-0.300564594508229,"AT5G09760"
0.00704996147295473,0.544464609800363,"AT2G46570","9",0.746659373884837,"LAC6"
0.0115646663677383,0.907441016333938,"AT5G53730","9",0.362268125126699,"NHL26"
0.502231871375119,13.0563798219585,"AT3G54220","15",1.74034561044799,"SCR"
0.120040874764091,3.85756676557863,"AT5G14750","15",-0.429046224909572,"WER"
0,0,"AT1G79430","15",-0.335816122430946,"APL"
0.736103149650156,14.2433234421365,"AT1G62510","15",0.496473305832906,"AT1G62510"
0,0,"AT3G26120","15",-0.708571225126298,"TEL1"
0.563934185941715,16.3204747774481,"AT4G13390","15",0.106912110258279,"EXT12"
0.009093959701027,0.29673590504451,"AT2G18380","15",-0.256665045489762,"GATA20"
0,0,"AT1G62500","15",-0.596623838361769,"CO2"
0.152059203712579,5.04451038575668,"AT5G49270","15",-0.317863949949622,"COBL9"
0.00999110791395659,0.29673590504451,"AT1G33280","15",-0.295071552295723,"BRN1"
0.00815656693360388,0.29673590504451,"AT4G10350","15",-0.263992386570675,"BRN2"
0.011056644695719,0.593471810089021,"AT1G79580","15",-0.310452718918724,"SMB"
2.76516596349348,30.8605341246291,"AT5G57620","15",2.5,"MYB36"
0.0585481900750511,1.48367952522255,"AT1G79840","15",-0.0988602069364086,"GL2"
0,0,"AT3G20880","15",-0.469309512668959,"AT3G20880"
0.457124828218264,12.7596439169139,"AT5G58010","15",0.0781787999774123,"LRL3"
1.49545415155007,27.299703264095,"AT2G22850","15",0.675321544352094,"bZIP6"
0.105738877278236,3.85756676557863,"AT3G25710","15",-0.321709165053908,"TMO5"
0.0247784798388238,0.593471810089021,"AT5G60810","15",1.26646929558909,"RGF1"
0.077328250031129,2.67062314540059,"AT1G66470","15",-0.670433899943103,"RHD6"
0.0513188892525897,1.18694362017804,"AT5G37800","15",0.960842815230352,"RSL1"
0,0,"AT5G62940","15",-0.645061834681169,"PEAR1/DOF2.4"
0.0672107675241044,1.78041543026706,"AT3G61930","15",-0.188457256612789,"AT3G61930"
0.180781418521968,2.37388724035608,"AT2G04025","15",0.0905285416747321,"RGF3"
0,0,"AT3G28540","15",-0.48507031774522,"AT3G28540"
0,0,"AT5G48130","15",-0.277190479924266,"AT5G48130"
0.00710234334716395,0.29673590504451,"AT1G17400","15",-0.308200391652418,"DRO3/LZY2"
0.0260648009605253,0.890207715133531,"AT2G40260","15",-0.586738371165116,"AT2G40260"
0.434259210698729,11.2759643916914,"AT2G29330","15",0.293143239748787,"TRI"
0.107762376318106,3.26409495548961,"AT3G56220","15",-0.00205661081761642,"AT3G56220"
0.287663719300781,8.30860534124629,"AT1G16390","15",0.665570171616129,"AT1G16390"
13.7669457885934,84.272997032641,"AT1G30750","15",2.5,"AT1G30750"
0.115267941698987,3.56083086053412,"AT4G16270","15",0.459130773725467,"PER40"
0.143732855648621,3.85756676557863,"AT5G46600","15",1.80828440174054,"ALMT13"
0.160338355380479,4.74777448071217,"AT5G19530","15",-0.250659541640285,"ACL5"
0.0599716934319319,1.78041543026706,"AT2G31310","15",1.66189245295067,"LBD14"
0.0928919098337098,2.67062314540059,"AT4G36410","15",-0.247094693533952,"UBC17"
0.276840422248943,5.6379821958457,"AT5G04080","15",-0.0737907384042284,"AT5G04080"
0.0644010068402699,2.37388724035608,"AT1G04240","15",-0.334205952744821,"SHY2"
0,0,"AT1G71050","15",-0.667495769976629,"HIPP20"
0.0150780439555137,0.29673590504451,"AT1G71930","15",2.08400554245325,"VND7"
0.0670298318333528,2.07715133531157,"AT4G18780","15",0.0406399410742245,"CESA8"
0,0,"AT3G55550","15",-0.580203281333822,"LECRKS4"
0.0187841039622011,0.593471810089021,"AT3G60650","15",0.892309659569451,"AT3G60650"
5.26592538375743,67.0623145400593,"AT2G36120","15",0.279068745857721,"DOT1"
3.91549353305886,58.753709198813,"AT4G30450","15",0.211410970293099,"XPP"
0.022861012178787,0.593471810089021,"AT3G20840","15",-0.378710334875304,"PLT1"
0.520471362585988,16.3204747774481,"AT4G37940","15",0.112266789051351,"AGL21"
0.0285356884351702,0.593471810089021,"AT5G43040","15",-0.718216923749824,"AT5G43040"
0.0548332581130114,1.18694362017804,"AT1G07640","15",-0.167154863231572,"OBP2"
0.0452981505179636,1.18694362017804,"AT2G28810","15",-0.388738819492362,"AT2G28810"
0.0476916900531233,1.48367952522255,"AT5G17800","15",-0.227516064750382,"MTB56"
0.0186659751897452,0.890207715133531,"AT4G36160","15",-0.15097633493121,"VND2"
0,0,"AT5G12870","15",-1.10390180715716,"MYB46"
0.0741661020200701,2.67062314540059,"AT3G52490","15",-0.0566706238357161,"SMXL3"
0.0567427570362883,1.78041543026706,"AT5G57130","15",1.03212258386014,"SMXL5"
0.161536585183493,5.93471810089021,"AT5G09760","15",-0.111462519596105,"AT5G09760"
0,0,"AT2G46570","15",-1.08273415093346,"LAC6"
0,0,"AT5G53730","15",-1.17524673765286,"NHL26"
0.274966787654246,6.36363636363636,"AT3G54220","17",0.407638796457924,"SCR"
0.0341250341250341,0.909090909090909,"AT5G14750","17",-0.917661451993969,"WER"
0.0729032975590727,1.81818181818182,"AT1G79430","17",-0.0297792411397092,"APL"
0.540233520820072,14.5454545454545,"AT1G62510","17",0.0958293772692858,"AT1G62510"
0,0,"AT3G26120","17",-0.708571225126298,"TEL1"
0.998861638082837,19.0909090909091,"AT4G13390","17",0.811921998137824,"EXT12"
0.0357768952810275,0.909090909090909,"AT2G18380","17",1.73730174637574,"GATA20"
0,0,"AT1G62500","17",-0.596623838361769,"CO2"
0.287036074705518,9.09090909090909,"AT5G49270","17",0.131953822682566,"COBL9"
0.123804684843998,2.72727272727273,"AT1G33280","17",0.129830576513176,"BRN1"
0,0,"AT4G10350","17",-0.314491582059155,"BRN2"
0.0200593757522266,0.909090909090909,"AT1G79580","17",-0.264983499585013,"SMB"
0.705805742186135,17.2727272727273,"AT5G57620","17",0.752054380514433,"MYB36"
0.0586392672971072,1.81818181818182,"AT1G79840","17",-0.0979116092814159,"GL2"
0,0,"AT3G20880","17",-0.469309512668959,"AT3G20880"
0.354230277012731,9.09090909090909,"AT5G58010","17",-0.146385998278909,"LRL3"
0.764760077319915,18.1818181818182,"AT2G22850","17",-0.0812435461348122,"bZIP6"
0.0628536995526535,2.72727272727273,"AT3G25710","17",-0.562758976417507,"TMO5"
0,0,"AT5G60810","17",-0.672707284031817,"RGF1"
0.109651069765331,1.81818181818182,"AT1G66470","17",-0.450291749585145,"RHD6"
0.0322715977668054,0.909090909090909,"AT5G37800","17",0.295600393727211,"RSL1"
0,0,"AT5G62940","17",-0.645061834681169,"PEAR1/DOF2.4"
0.193286004774069,2.72727272727273,"AT3G61930","17",0.347110189564811,"AT3G61930"
0.042902088881423,1.81818181818182,"AT2G04025","17",-0.457688997651036,"RGF3"
0,0,"AT3G28540","17",-0.48507031774522,"AT3G28540"
0,0,"AT5G48130","17",-0.277190479924266,"AT5G48130"
0.0330366099087201,1.81818181818182,"AT1G17400","17",0.0314416304420066,"DRO3/LZY2"
0.059536124873301,2.72727272727273,"AT2G40260","17",-0.280214515440934,"AT2G40260"
0.226848850377039,8.18181818181818,"AT2G29330","17",-0.259735096582486,"TRI"
0.0888933938626571,3.63636363636364,"AT3G56220","17",-0.210869760981848,"AT3G56220"
0.0645314163546403,1.81818181818182,"AT1G16390","17",-0.422897708973346,"AT1G16390"
0.703508522479878,18.1818181818182,"AT1G30750","17",0.223003569434099,"AT1G30750"
0.0340988151625109,1.81818181818182,"AT4G16270","17",-0.254277906013869,"PER40"
0.16707969981896,5.45454545454545,"AT5G46600","17",2.18360173807298,"ALMT13"
0.0551349087840713,1.81818181818182,"AT5G19530","17",-0.732360767848808,"ACL5"
0.0200593757522266,0.909090909090909,"AT2G31310","17",-0.167412984476033,"LBD14"
0.138861441804163,2.72727272727273,"AT4G36410","17",-0.164701992923985,"UBC17"
0.440438250370028,9.09090909090909,"AT5G04080","17",0.131497280725747,"AT5G04080"
0.616892434001987,10,"AT1G04240","17",2.5,"SHY2"
0.0323865660524014,0.909090909090909,"AT1G71050","17",2.5,"HIPP20"
0,0,"AT1G71930","17",-0.90761304600942,"VND7"
0.0322715977668054,0.909090909090909,"AT4G18780","17",-0.531562256630851,"CESA8"
0,0,"AT3G55550","17",-0.580203281333822,"LECRKS4"
0,0,"AT3G60650","17",-0.683569043142985,"AT3G60650"
4.47314080249428,54.5454545454545,"AT2G36120","17",0.0703037934072012,"DOT1"
3.24765977854008,50.9090909090909,"AT4G30450","17",-0.0244767670544378,"XPP"
0.0207271069104175,0.909090909090909,"AT3G20840","17",-0.393124904474281,"PLT1"
0.343303785874896,10.9090909090909,"AT4G37940","17",-0.905917327694288,"AGL21"
0.0268982451503377,1.81818181818182,"AT5G43040","17",-0.751725232010886,"AT5G43040"
0.0750880191505684,1.81818181818182,"AT1G07640","17",-0.00898498125303685,"OBP2"
0.0665510438109573,1.81818181818182,"AT2G28810","17",-0.270412148466605,"AT2G28810"
0.114059387717208,3.63636363636364,"AT5G17800","17",1.11353698192204,"MTB56"
0.0348845321984233,0.909090909090909,"AT4G36160","17",0.853097805297242,"VND2"
0,0,"AT5G12870","17",-1.10390180715716,"MYB46"
0.0233639400948576,0.909090909090909,"AT3G52490","17",-0.55639886874419,"SMXL3"
0.0658357733032877,2.72727272727273,"AT5G57130","17",1.40329159192397,"SMXL5"
0.0392356887825166,0.909090909090909,"AT5G09760","17",-0.904793145309187,"AT5G09760"
0,0,"AT2G46570","17",-1.08273415093346,"LAC6"
0.0151212726063025,0.909090909090909,"AT5G53730","17",0.831583957653032,"NHL26"
0.196467512184087,6.13496932515337,"AT3G54220","16",-0.108657830771184,"SCR"
0.163137358633108,5.52147239263804,"AT5G14750","16",-0.19789506602687,"WER"
1.70814394011523,30.0613496932515,"AT1G79430","16",2.5,"APL"
0.442799488971767,10.4294478527607,"AT1G62510","16",-0.122880764364959,"AT1G62510"
0.0105666023512804,0.613496932515337,"AT3G26120","16",0.996407220594255,"TEL1"
0.731849380549486,20.2453987730061,"AT4G13390","16",0.399937633774483,"EXT12"
0,0,"AT2G18380","16",-0.948306939105837,"GATA20"
0.0286546909161764,0.613496932515337,"AT1G62500","16",0.371334221265994,"CO2"
0.32334308978112,7.97546012269939,"AT5G49270","16",0.244901437005705,"COBL9"
0.0423832077730803,0.613496932515337,"AT1G33280","16",-0.16945296072414,"BRN1"
0.0423832077730803,0.613496932515337,"AT4G10350","16",-0.0564491172853149,"BRN2"
0.0105666023512804,0.613496932515337,"AT1G79580","16",-0.312939333657104,"SMB"
0.246563631572759,8.58895705521472,"AT5G57620","16",-0.208566406480316,"MYB36"
0.0172978201675507,1.22699386503067,"AT1G79840","16",-0.537109749490397,"GL2"
0,0,"AT3G20880","16",-0.469309512668959,"AT3G20880"
0.57351241378664,15.3374233128834,"AT5G58010","16",0.313823307944005,"LRL3"
1.8331607289117,31.2883435582822,"AT2G22850","16",0.952484938939061,"bZIP6"
0.214773248053324,6.74846625766871,"AT3G25710","16",0.25137765738763,"TMO5"
0,0,"AT5G60810","16",-0.672707284031817,"RGF1"
0.30821960765424,8.58895705521472,"AT1G66470","16",0.775632478070187,"RHD6"
0,0,"AT5G37800","16",-0.860038643178098,"RSL1"
0.0192017819253627,0.613496932515337,"AT5G62940","16",1.62469568713713,"PEAR1/DOF2.4"
0.0267630935584603,1.22699386503067,"AT3G61930","16",-0.373773575602941,"AT3G61930"
0.192556343430129,2.45398773006135,"AT2G04025","16",0.134338355157473,"RGF3"
0,0,"AT3G28540","16",-0.48507031774522,"AT3G28540"
0,0,"AT5G48130","16",-0.277190479924266,"AT5G48130"
0.0105666023512804,0.613496932515337,"AT1G17400","16",-0.26232870889563,"DRO3/LZY2"
0.0329683657790005,1.22699386503067,"AT2G40260","16",-0.522706380752772,"AT2G40260"
0.209098949249873,6.13496932515337,"AT2G29330","16",-0.311319158374228,"TRI"
0.111807164102875,3.06748466257669,"AT3G56220","16",0.0422418007073325,"AT3G56220"
0.195756890165954,5.52147239263804,"AT1G16390","16",0.242010493659352,"AT1G16390"
0.56606822364779,7.36196319018405,"AT1G30750","16",0.0785972753326294,"AT1G30750"
0.00879817772143035,0.613496932515337,"AT4G16270","16",-0.488139368719319,"PER40"
0.00726289727140212,0.613496932515337,"AT5G46600","16",-0.551659199960724,"ALMT13"
0.220396595176711,5.52147239263804,"AT5G19530","16",0.00510553998656323,"ACL5"
0.0374877711776962,1.22699386503067,"AT2G31310","16",0.640033571220246,"LBD14"
7.90946635612928,63.8036809815951,"AT4G36410","16",2.5,"UBC17"
12.7871597497312,77.9141104294479,"AT5G04080","16",2.5,"AT5G04080"
0.0719139685065359,2.45398773006135,"AT1G04240","16",-0.264807492956536,"SHY2"
0,0,"AT1G71050","16",-0.667495769976629,"HIPP20"
0,0,"AT1G71930","16",-0.90761304600942,"VND7"
0.233379251190787,4.9079754601227,"AT4G18780","16",2.5,"CESA8"
0,0,"AT3G55550","16",-0.580203281333822,"LECRKS4"
0,0,"AT3G60650","16",-0.683569043142985,"AT3G60650"
7.73807706486454,70.5521472392638,"AT2G36120","16",0.79230751610705,"DOT1"
5.05056637305531,63.1901840490798,"AT4G30450","16",0.547026897156198,"XPP"
0,0,"AT3G20840","16",-0.534725802240441,"PLT1"
0.691435595333263,19.0184049079755,"AT4G37940","16",0.988014430514612,"AGL21"
0,0,"AT5G43040","16",-1.30994750789093,"AT5G43040"
0.717148850783475,19.6319018404908,"AT1G07640","16",2.5,"OBP2"
1.12402308920432,22.0858895705521,"AT2G28810","16",2.5,"AT2G28810"
0.0377450770632695,2.45398773006135,"AT5G17800","16",-0.43579237430081,"MTB56"
0.0201212506564558,0.613496932515337,"AT4G36160","16",-0.0602312091190324,"VND2"
0.0312057608252057,1.84049079754601,"AT5G12870","16",1.52574260644733,"MYB46"
0.494198406360754,13.4969325153374,"AT3G52490","16",2.5,"SMXL3"
0.0307550476677398,1.84049079754601,"AT5G57130","16",-0.0465490544690558,"SMXL5"
0.172261719226267,4.9079754601227,"AT5G09760","16",-0.0459243231035171,"AT5G09760"
0,0,"AT2G46570","16",-1.08273415093346,"LAC6"
0.0271218803057178,0.613496932515337,"AT5G53730","16",2.40309058592076,"NHL26"
