"PC","stdev"
1,10.4779189456022
2,6.14780521166196
3,5.62033301312162
4,4.94336428492446
5,4.53810968096633
6,3.96662671831068
7,3.79797806353861
8,3.46873594598801
9,3.331136772866
10,3.17590857523389
11,3.0181337937784
12,2.95668934136971
13,2.84437782485381
14,2.67241588054607
15,2.6193025939826
16,2.47075454944674
17,2.40047376131834
18,2.37276848554689
19,2.36811556633398
20,2.31517292818237
21,2.27506161837871
22,2.19766627084297
23,2.15706356847777
24,2.09033167843079
25,2.04296033893182
26,2.01486672090496
27,1.98482334329717
28,1.95184916625518
29,1.92904711766671
30,1.88037570713861
31,1.87628263072641
32,1.83992881555132
33,1.81499465556772
34,1.74148133976352
35,1.72002310898649
36,1.69073680061758
37,1.66565432079538
38,1.64566701973864
39,1.61145433671652
40,1.58622900092546
41,1.56056807277305
42,1.53033028478749
43,1.5272117339365
44,1.5141889856883
45,1.49614920576962
46,1.49275911306343
47,1.47774746955066
48,1.45346147455425
49,1.43706771958524
50,1.43116089283135
