"branch","cell_population","fitted_genes","valid_pvalue","finite_padj","DEGs","up","down"
"harmony","Atrichoblast_lineage",19521,19521,16871,1546,688,858
"harmony","Cortex_lineage",18758,18758,16576,846,343,503
"harmony","Dividing_meristematic",17933,17933,15499,388,302,86
"harmony","Endodermis_lineage",17236,17236,10553,439,89,350
"harmony","Epidermal_initial_like",17961,17961,15175,440,251,189
"harmony","Meristematic_unresolved",18043,18043,14894,316,208,108
"harmony","Pericycle",17314,17314,11943,630,131,499
"harmony","Procambium_like",17970,17970,13092,239,108,131
"harmony","Root_cap",15516,15516,8597,155,58,97
"harmony","Trichoblast_lineage",18573,18573,14972,1532,793,739
"pca","Atrichoblast_lineage",19776,19776,17475,1558,754,804
"pca","Cortex_lineage",18452,18452,13801,1460,688,772
"pca","Dividing_meristematic",17893,17893,15117,395,312,83
"pca","Endodermis_lineage",17323,17323,10606,524,102,422
"pca","Epidermal_initial_like",17765,17765,14320,403,215,188
"pca","Meristematic_unresolved",19050,19050,16095,504,364,140
"pca","Pericycle",17807,17807,14700,637,173,464
"pca","Root_cap",15444,15444,9455,148,54,94
"pca","Trichoblast_lineage",18655,18655,16123,1748,926,822
