"branch","condition","signature","n","other_replicate_fraction","expected_random","mixing_ratio"
"pca","control","Lateral Root Cap",468,0.353205128205128,0.5,0.706410256410256
"pca","control","Atrichoblast",681,0.231620166421929,0.426555919967397,0.543000707714084
"pca","control","Pericycle",508,0.287335958005249,0.412920825841652,0.695862112112112
"pca","control","Cortex",322,0.27536231884058,0.46913699317156,0.586955032002522
"pca","control","Endodermis",178,0.40936329588015,0.450511299078399,0.908663770958853
"pca","control","Columella",113,0.407669616519174,0.499647583992482,0.815914315569488
"pca","control","Procambium",156,0.341666666666667,0.44008875739645,0.776358543417367
"pca","control","Trichoblast",569,0.300702987697715,0.489867525736577,0.61384552332913
"pca","control","Quiescent Center",75,0.473777777777778,0.497777777777778,0.951785714285714
"pca","stress","Lateral Root Cap",369,0.503342366757001,0.498674363437401,1.00936082474227
"pca","stress","Atrichoblast",1448,0.498710865561694,0.499450566222032,0.998518971224854
"pca","stress","Pericycle",689,0.502322206095791,0.49786716829464,1.00894824580703
"pca","stress","Cortex",633,0.490995260663507,0.494727831310568,0.992455304895274
"pca","stress","Endodermis",372,0.49758064516129,0.499075037576598,0.997005675894822
"pca","stress","Phloem",152,0.490789473684211,0.487534626038781,1.00667613636364
"pca","stress","Columella",111,0.493993993993994,0.485350215079945,1.0178093645485
"pca","stress","Procambium",104,0.402884615384615,0.410502958579882,0.981441441441442
"pca","stress","Trichoblast",981,0.498980632008155,0.498066733793244,1.00183489109572
"pca","stress","Quiescent Center",89,0.510861423220974,0.499936876656988,1.02185185185185
"harmony","control","Lateral Root Cap",468,0.460327635327635,0.5,0.920655270655271
"harmony","control","Atrichoblast",681,0.402349486049927,0.426555919967397,0.94325144070367
"harmony","control","Pericycle",508,0.370734908136483,0.412920825841652,0.897835335335335
"harmony","control","Cortex",322,0.425672877846791,0.46913699317156,0.90735304195277
"harmony","control","Endodermis",178,0.454119850187266,0.450511299078399,1.00800990145252
"harmony","control","Columella",113,0.491445427728614,0.499647583992482,0.983584117032393
"harmony","control","Procambium",156,0.423290598290598,0.44008875739645,0.961830065359477
"harmony","control","Trichoblast",569,0.448564733450498,0.489867525736577,0.915685792349727
"harmony","control","Quiescent Center",75,0.509333333333333,0.497777777777778,1.02321428571429
"harmony","stress","Lateral Root Cap",369,0.508762420957543,0.498674363437401,1.02022974963181
"harmony","stress","Atrichoblast",1448,0.503084714548803,0.499450566222032,1.00727629233512
"harmony","stress","Pericycle",689,0.511127237542332,0.49786716829464,1.02663374910443
"harmony","stress","Cortex",633,0.49768299104792,0.494727831310568,1.00597330400743
"harmony","stress","Endodermis",372,0.504659498207885,0.499075037576598,1.0111896212209
"harmony","stress","Phloem",152,0.494736842105263,0.487534626038781,1.01477272727273
"harmony","stress","Columella",111,0.496096096096096,0.485350215079945,1.02214046822742
"harmony","stress","Procambium",104,0.407051282051282,0.410502958579882,0.991591591591592
"harmony","stress","Trichoblast",981,0.506184165817193,0.498066733793244,1.01629788033047
"harmony","stress","Quiescent Center",89,0.512359550561798,0.499936876656988,1.02484848484848
