"gene","sample","n_cells","fraction_detected","raw_sum"
"AT5G52310","control_rep1",3110,0.00932475884244373,37
"AT5G52310","control_rep2",5785,0.0304235090751945,232
"AT5G52310","stress_rep1",6816,0.0231807511737089,215
"AT5G52310","stress_rep2",5839,0.0258605925672204,228
"AT5G52300","control_rep1",3110,0.000321543408360129,1
"AT5G52300","control_rep2",5785,0.000345721694036301,2
"AT5G52300","stress_rep1",6816,0.00586854460093897,49
"AT5G52300","stress_rep2",5839,0.00445281726323,28
"AT5G66400","control_rep1",3110,0.000964630225080386,3
"AT5G66400","control_rep2",5785,0.000864304235090752,9
"AT5G66400","stress_rep1",6816,0.00572183098591549,51
"AT5G66400","stress_rep2",5839,0.0073642747045727,49
"AT5G05410","control_rep1",3110,0.172990353697749,935
"AT5G05410","control_rep2",5785,0.248919619706137,2447
"AT5G05410","stress_rep1",6816,0.0886150234741784,816
"AT5G05410","stress_rep2",5839,0.102757321459154,841
