"seurat_clusters","n","median_nCount","median_nFeature","median_percent_mt","median_percent_cp"
"0",3726,9054,4983,0.574712730928732,0.0512886275902434
"1",2827,8258,3821,1.03526366871563,0.214966302579596
"2",2315,7947,4108,1.36378052648271,0.151331719128329
"3",1854,5239.5,3101,0.571937621006896,0.0912091010350171
"4",1840,6039,3512,0.48243048288744,0.073799254912096
"5",1634,9890,5444.5,0.377274749430049,0.0882807714309317
"6",1349,10478,5394,0.464936071290198,0.0205676676264912
"7",1286,8895.5,4003.5,1.31895342595561,0.126405200230961
"8",1280,10002,3823,1.40793862228554,0.1151154512352
"9",1184,9826.5,4284,0.980478253942438,0.221919690449871
"10",1031,8159,4200,0.929221035982602,0.133950316609839
"11",913,8813,3807,1.17823265102346,0.21684001617112
"12",897,4259,2534,0.619674670797831,0.0561167227833895
"13",873,4013,2438,0.940032414910859,0.133734536944166
"14",678,10462,5496,0.258327687354307,0.0405652087582016
"15",336,7070,3942,0.69553110219701,0.0880770974722465
"16",162,5374,3084,1.05677908207349,0.119252911084941
"17",92,8122.5,4221,1.13619301852385,0.107316505901796
