"cluster","annotation","confidence"
"0","LRC_like","Moderate"
"1","Initial_like","Moderate"
"2","Trichoblast","Strong"
"3","Pericycle","Strong"
"4","Endodermis_like","Moderate"
"5","LRC_like","Moderate"
"6","Phloem_related","Moderate"
"7","Atrichoblast","Strong"
"8","Epidermal_like","Low"
"9","Dividing_meristematic","Strong"
"10","Cortex","Moderate"
"11","Dividing_S_phase","Strong"
"12","Unresolved_transition","Low"
"13","Columella","Strong"
"14","Atrichoblast_like","Moderate"
"15","Endodermis","Strong"
"16","Phloem","Strong"
"17","Xylem","Very strong"
