"TAIR","in_common_features","in_any_population_result","significant_in_any_population"
"AT1G04180",TRUE,TRUE,FALSE
"AT4G39400",TRUE,TRUE,FALSE
"AT1G56600",TRUE,TRUE,FALSE
"AT5G66985",TRUE,TRUE,TRUE
"AT1G14960",TRUE,TRUE,TRUE
"AT1G77380",TRUE,TRUE,FALSE
"AT1G72470",TRUE,TRUE,FALSE
"AT1G69810",TRUE,TRUE,FALSE
"AT2G36640",TRUE,TRUE,FALSE
"AT2G44130",TRUE,TRUE,FALSE
"AT3G27170",TRUE,TRUE,TRUE
"AT3G11340",TRUE,TRUE,FALSE
"AT2G44340",TRUE,TRUE,TRUE
"AT4G11210",TRUE,TRUE,TRUE
"AT5G28510",TRUE,TRUE,FALSE
"AT5G09640",TRUE,TRUE,FALSE
"AT4G01720",TRUE,TRUE,FALSE
"AT1G72300",TRUE,TRUE,FALSE
"AT5G42500",TRUE,TRUE,TRUE
"AT1G70890",TRUE,TRUE,TRUE
"AT4G01140",TRUE,TRUE,TRUE
"AT1G29050",TRUE,TRUE,TRUE
"AT5G36180",TRUE,TRUE,TRUE
"AT5G52400",TRUE,TRUE,FALSE
"AT5G48290",TRUE,TRUE,TRUE
"AT2G35910",TRUE,TRUE,FALSE
"AT2G20350",TRUE,FALSE,FALSE
"AT5G20710",TRUE,TRUE,FALSE
"AT5G24030",TRUE,TRUE,TRUE
"AT2G25150",TRUE,TRUE,FALSE
"AT4G15390",TRUE,TRUE,TRUE
"AT5G05790",TRUE,TRUE,FALSE
"AT4G23220",TRUE,FALSE,FALSE
"AT3G12580",TRUE,TRUE,FALSE
"AT4G17250",TRUE,TRUE,FALSE
"AT1G28660",TRUE,TRUE,FALSE
"AT4G23550",TRUE,TRUE,FALSE
"AT5G43350",TRUE,TRUE,TRUE
"AT5G04960",TRUE,TRUE,TRUE
"AT1G63720",TRUE,TRUE,FALSE
"AT4G28890",TRUE,TRUE,TRUE
"AT3G50970",TRUE,TRUE,FALSE
"AT4G10310",TRUE,TRUE,TRUE
"AT1G70690",TRUE,TRUE,FALSE
"AT1G78280",TRUE,TRUE,TRUE
"AT5G63770",TRUE,TRUE,TRUE
"AT4G01090",TRUE,TRUE,FALSE
"AT4G01680",TRUE,TRUE,FALSE
"AT1G17420",TRUE,TRUE,TRUE
"AT5G02350",TRUE,TRUE,FALSE
"AT1G09090",TRUE,TRUE,FALSE
"AT5G14340",TRUE,TRUE,FALSE
"AT1G72430",TRUE,TRUE,FALSE
"AT2G44070",TRUE,FALSE,FALSE
"AT1G56060",TRUE,TRUE,TRUE
"AT5G27100",TRUE,TRUE,FALSE
"AT3G14560",TRUE,TRUE,FALSE
"AT3G47660",TRUE,FALSE,FALSE
"AT5G38100",TRUE,TRUE,TRUE
"AT5G48430",TRUE,TRUE,FALSE
"AT5G52870",TRUE,TRUE,TRUE
"AT2G44940",TRUE,TRUE,FALSE
"AT3G09220",TRUE,TRUE,FALSE
"AT2G39430",TRUE,TRUE,TRUE
"AT4G08620",TRUE,TRUE,TRUE
"AT4G12545",TRUE,TRUE,TRUE
"AT5G44310",TRUE,FALSE,FALSE
"AT5G15960",TRUE,TRUE,TRUE
"AT2G21510",TRUE,TRUE,TRUE
"AT4G36220",TRUE,TRUE,TRUE
"AT3G07600",TRUE,TRUE,FALSE
"AT1G66950",TRUE,FALSE,FALSE
"AT3G62990",TRUE,TRUE,FALSE
"AT5G10100",TRUE,TRUE,TRUE
"AT4G04745",TRUE,TRUE,TRUE
"AT5G57030",TRUE,TRUE,FALSE
"AT2G28650",TRUE,TRUE,FALSE
"AT2G43060",TRUE,TRUE,FALSE
"AT4G27410",TRUE,TRUE,FALSE
"AT5G03620",TRUE,FALSE,FALSE
"AT3G20940",TRUE,TRUE,FALSE
"AT1G66090",TRUE,TRUE,FALSE
"AT1G66440",TRUE,TRUE,FALSE
"AT5G43650",TRUE,TRUE,TRUE
"AT5G53250",TRUE,TRUE,TRUE
"AT3G09290",TRUE,TRUE,FALSE
"AT4G18430",TRUE,TRUE,FALSE
"AT1G32960",TRUE,TRUE,FALSE
"AT2G31690",TRUE,TRUE,FALSE
"AT2G23600",TRUE,TRUE,FALSE
"AT1G65310",TRUE,TRUE,FALSE
"AT1G49310",TRUE,TRUE,TRUE
"AT3G22240",TRUE,TRUE,TRUE
"AT2G41380",TRUE,TRUE,TRUE
"AT5G20230",TRUE,TRUE,TRUE
"AT3G22910",TRUE,TRUE,FALSE
"AT5G20045",TRUE,TRUE,FALSE
"AT1G26970",TRUE,TRUE,FALSE
"AT1G06180",TRUE,TRUE,FALSE
"AT5G04370",TRUE,TRUE,FALSE
"AT2G32560",TRUE,TRUE,FALSE
"AT4G17340",TRUE,TRUE,TRUE
"AT5G57480",TRUE,TRUE,TRUE
"AT5G07985",TRUE,FALSE,FALSE
"AT1G52890",TRUE,TRUE,FALSE
"AT4G35060",TRUE,TRUE,TRUE
"AT4G17670",TRUE,TRUE,TRUE
"AT1G11925",TRUE,TRUE,FALSE
"AT5G13910",TRUE,TRUE,FALSE
"AT1G44050",TRUE,TRUE,FALSE
"AT5G42590",TRUE,TRUE,TRUE
"AT5G22690",TRUE,TRUE,TRUE
"AT5G51500",TRUE,TRUE,FALSE
"AT4G08040",TRUE,TRUE,TRUE
"AT5G01040",TRUE,TRUE,TRUE
"AT1G18860",TRUE,TRUE,FALSE
"AT5G14700",TRUE,TRUE,TRUE
"AT5G09978",TRUE,TRUE,FALSE
"AT3G21320",TRUE,TRUE,FALSE
"AT5G22540",TRUE,TRUE,FALSE
"AT3G59620",TRUE,TRUE,FALSE
"AT3G48520",TRUE,TRUE,TRUE
"AT1G65500",TRUE,TRUE,FALSE
"AT1G66930",TRUE,TRUE,FALSE
"AT1G09930",TRUE,TRUE,TRUE
"AT5G57540",TRUE,TRUE,TRUE
"AT3G02240",TRUE,TRUE,FALSE
"AT3G27540",TRUE,TRUE,FALSE
"AT4G01870",TRUE,TRUE,FALSE
"AT5G46900",TRUE,TRUE,TRUE
"AT3G51810",TRUE,TRUE,FALSE
"AT2G47360",TRUE,TRUE,TRUE
"AT2G33110",TRUE,TRUE,TRUE
"AT1G30190",TRUE,TRUE,FALSE
"AT3G55230",TRUE,TRUE,TRUE
"AT2G40250",TRUE,TRUE,FALSE
"AT5G11570",TRUE,TRUE,FALSE
