"cell_population","sample","condition","replicate","sample_id"
"Atrichoblast","control_rep1","control","rep1","Atrichoblast_control-rep1"
"Atrichoblast","control_rep2","control","rep2","Atrichoblast_control-rep2"
"Atrichoblast","stress_rep1","stress","rep1","Atrichoblast_stress-rep1"
"Atrichoblast","stress_rep2","stress","rep2","Atrichoblast_stress-rep2"
"Columella","control_rep1","control","rep1","Columella_control-rep1"
"Columella","control_rep2","control","rep2","Columella_control-rep2"
"Columella","stress_rep1","stress","rep1","Columella_stress-rep1"
"Columella","stress_rep2","stress","rep2","Columella_stress-rep2"
"Cortex","control_rep1","control","rep1","Cortex_control-rep1"
"Cortex","control_rep2","control","rep2","Cortex_control-rep2"
"Cortex","stress_rep1","stress","rep1","Cortex_stress-rep1"
"Cortex","stress_rep2","stress","rep2","Cortex_stress-rep2"
"Dividing_meristematic","control_rep1","control","rep1","Dividing-meristematic_control-rep1"
"Dividing_meristematic","control_rep2","control","rep2","Dividing-meristematic_control-rep2"
"Dividing_meristematic","stress_rep1","stress","rep1","Dividing-meristematic_stress-rep1"
"Dividing_meristematic","stress_rep2","stress","rep2","Dividing-meristematic_stress-rep2"
"Dividing_S_phase","control_rep1","control","rep1","Dividing-S-phase_control-rep1"
"Dividing_S_phase","control_rep2","control","rep2","Dividing-S-phase_control-rep2"
"Dividing_S_phase","stress_rep1","stress","rep1","Dividing-S-phase_stress-rep1"
"Dividing_S_phase","stress_rep2","stress","rep2","Dividing-S-phase_stress-rep2"
"Endodermis","control_rep1","control","rep1","Endodermis_control-rep1"
"Endodermis","control_rep2","control","rep2","Endodermis_control-rep2"
"Endodermis","stress_rep1","stress","rep1","Endodermis_stress-rep1"
"Endodermis","stress_rep2","stress","rep2","Endodermis_stress-rep2"
"Endodermis_like","control_rep1","control","rep1","Endodermis-like_control-rep1"
"Endodermis_like","control_rep2","control","rep2","Endodermis-like_control-rep2"
"Endodermis_like","stress_rep1","stress","rep1","Endodermis-like_stress-rep1"
"Endodermis_like","stress_rep2","stress","rep2","Endodermis-like_stress-rep2"
"Epidermal_like","control_rep1","control","rep1","Epidermal-like_control-rep1"
"Epidermal_like","control_rep2","control","rep2","Epidermal-like_control-rep2"
"Epidermal_like","stress_rep1","stress","rep1","Epidermal-like_stress-rep1"
"Epidermal_like","stress_rep2","stress","rep2","Epidermal-like_stress-rep2"
"Initial_like","control_rep1","control","rep1","Initial-like_control-rep1"
"Initial_like","control_rep2","control","rep2","Initial-like_control-rep2"
"Initial_like","stress_rep1","stress","rep1","Initial-like_stress-rep1"
"Initial_like","stress_rep2","stress","rep2","Initial-like_stress-rep2"
"LRC_like","control_rep1","control","rep1","LRC-like_control-rep1"
"LRC_like","control_rep2","control","rep2","LRC-like_control-rep2"
"LRC_like","stress_rep1","stress","rep1","LRC-like_stress-rep1"
"LRC_like","stress_rep2","stress","rep2","LRC-like_stress-rep2"
"Pericycle","control_rep1","control","rep1","Pericycle_control-rep1"
"Pericycle","control_rep2","control","rep2","Pericycle_control-rep2"
"Pericycle","stress_rep1","stress","rep1","Pericycle_stress-rep1"
"Pericycle","stress_rep2","stress","rep2","Pericycle_stress-rep2"
"Trichoblast","control_rep1","control","rep1","Trichoblast_control-rep1"
"Trichoblast","control_rep2","control","rep2","Trichoblast_control-rep2"
"Trichoblast","stress_rep1","stress","rep1","Trichoblast_stress-rep1"
"Trichoblast","stress_rep2","stress","rep2","Trichoblast_stress-rep2"
"Unresolved_transition","control_rep1","control","rep1","Unresolved-transition_control-rep1"
"Unresolved_transition","control_rep2","control","rep2","Unresolved-transition_control-rep2"
"Unresolved_transition","stress_rep1","stress","rep1","Unresolved-transition_stress-rep1"
"Unresolved_transition","stress_rep2","stress","rep2","Unresolved-transition_stress-rep2"
