"sample","metric","quantile","value"
"control_rep1","nCount_RNA","0.5%",1094
"control_rep1","nCount_RNA","1%",1287.3
"control_rep1","nCount_RNA","5%",1907.5
"control_rep1","nCount_RNA","50%",6666
"control_rep1","nCount_RNA","95%",27597.5
"control_rep1","nCount_RNA","99%",41213.9
"control_rep1","nCount_RNA","99.5%",48386.5
"control_rep1","nFeature_RNA","0.5%",714.75
"control_rep1","nFeature_RNA","1%",833.3
"control_rep1","nFeature_RNA","5%",1206.5
"control_rep1","nFeature_RNA","50%",3045
"control_rep1","nFeature_RNA","95%",9377
"control_rep1","nFeature_RNA","99%",12655.4
"control_rep1","nFeature_RNA","99.5%",13794.5
"control_rep1","percent.mt","0.5%",0.103897337455457
"control_rep1","percent.mt","1%",0.123235014984506
"control_rep1","percent.mt","5%",0.236777681223683
"control_rep1","percent.mt","50%",1.54440154440154
"control_rep1","percent.mt","95%",5.1825064581688
"control_rep1","percent.mt","99%",9.10568965318782
"control_rep1","percent.mt","99.5%",10.6477222607271
"control_rep1","percent.cp","0.5%",0
"control_rep1","percent.cp","1%",0
"control_rep1","percent.cp","5%",0
"control_rep1","percent.cp","50%",0.12881064834693
"control_rep1","percent.cp","95%",0.599285094662513
"control_rep1","percent.cp","99%",1.07655832440933
"control_rep1","percent.cp","99.5%",1.29427187252781
"control_rep2","nCount_RNA","0.5%",1165.3
"control_rep2","nCount_RNA","1%",1343
"control_rep2","nCount_RNA","5%",2270
"control_rep2","nCount_RNA","50%",7777
"control_rep2","nCount_RNA","95%",23237
"control_rep2","nCount_RNA","99%",37914.8
"control_rep2","nCount_RNA","99.5%",45497.4500000002
"control_rep2","nFeature_RNA","0.5%",811.9
"control_rep2","nFeature_RNA","1%",920.6
"control_rep2","nFeature_RNA","5%",1463.5
"control_rep2","nFeature_RNA","50%",3902
"control_rep2","nFeature_RNA","95%",9177.5
"control_rep2","nFeature_RNA","99%",13006.1
"control_rep2","nFeature_RNA","99.5%",14315.15
"control_rep2","percent.mt","0.5%",0.0718024890280243
"control_rep2","percent.mt","1%",0.0884408034240198
"control_rep2","percent.mt","5%",0.156334103140105
"control_rep2","percent.mt","50%",0.618684264796865
"control_rep2","percent.mt","95%",2.12444872651847
"control_rep2","percent.mt","99%",3.34559720421748
"control_rep2","percent.mt","99.5%",3.91374592964533
"control_rep2","percent.cp","0.5%",0
"control_rep2","percent.cp","1%",0
"control_rep2","percent.cp","5%",0
"control_rep2","percent.cp","50%",0.0651784259410135
"control_rep2","percent.cp","95%",0.304857844801112
"control_rep2","percent.cp","99%",0.552001365978848
"control_rep2","percent.cp","99.5%",0.640847685620833
"stress_rep1","nCount_RNA","0.5%",1624.11
"stress_rep1","nCount_RNA","1%",1892.12
"stress_rep1","nCount_RNA","5%",2871.3
"stress_rep1","nCount_RNA","50%",8370
"stress_rep1","nCount_RNA","95%",21558.7
"stress_rep1","nCount_RNA","99%",35615.2799999999
"stress_rep1","nCount_RNA","99.5%",44663.1199999999
"stress_rep1","nFeature_RNA","0.5%",1134.56
"stress_rep1","nFeature_RNA","1%",1296.04
"stress_rep1","nFeature_RNA","5%",1856
"stress_rep1","nFeature_RNA","50%",4424
"stress_rep1","nFeature_RNA","95%",9354.4
"stress_rep1","nFeature_RNA","99%",13118.92
"stress_rep1","nFeature_RNA","99.5%",15649.51
"stress_rep1","percent.mt","0.5%",0.113146754117984
"stress_rep1","percent.mt","1%",0.13661886130784
"stress_rep1","percent.mt","5%",0.229424630901027
"stress_rep1","percent.mt","50%",0.75599163583722
"stress_rep1","percent.mt","95%",2.12050259453453
"stress_rep1","percent.mt","99%",3.1937404511297
"stress_rep1","percent.mt","99.5%",3.79904208271412
"stress_rep1","percent.cp","0.5%",0
"stress_rep1","percent.cp","1%",0
"stress_rep1","percent.cp","5%",0.0169279213202735
"stress_rep1","percent.cp","50%",0.11187768040276
"stress_rep1","percent.cp","95%",0.420753514746007
"stress_rep1","percent.cp","99%",0.623991179379132
"stress_rep1","percent.cp","99.5%",0.717423224862108
"stress_rep2","nCount_RNA","0.5%",1682.76
"stress_rep2","nCount_RNA","1%",1898.72
"stress_rep2","nCount_RNA","5%",2892.4
"stress_rep2","nCount_RNA","50%",8516
"stress_rep2","nCount_RNA","95%",22123
"stress_rep2","nCount_RNA","99%",34178.48
"stress_rep2","nCount_RNA","99.5%",40422.08
"stress_rep2","nFeature_RNA","0.5%",1200.92
"stress_rep2","nFeature_RNA","1%",1319.04
"stress_rep2","nFeature_RNA","5%",1880.4
"stress_rep2","nFeature_RNA","50%",4529
"stress_rep2","nFeature_RNA","95%",9646.99999999999
"stress_rep2","nFeature_RNA","99%",13317.52
"stress_rep2","nFeature_RNA","99.5%",14823.76
"stress_rep2","percent.mt","0.5%",0.135272804204525
"stress_rep2","percent.mt","1%",0.15879798589189
"stress_rep2","percent.mt","5%",0.237965750542229
"stress_rep2","percent.mt","50%",0.747556066705003
"stress_rep2","percent.mt","95%",2.1177794167727
"stress_rep2","percent.mt","99%",3.23269033887714
"stress_rep2","percent.mt","99.5%",3.79717784857141
"stress_rep2","percent.cp","0.5%",0
"stress_rep2","percent.cp","1%",0
"stress_rep2","percent.cp","5%",0.019827895004028
"stress_rep2","percent.cp","50%",0.112267809757093
"stress_rep2","percent.cp","95%",0.421468206959821
"stress_rep2","percent.cp","99%",0.640722343443061
"stress_rep2","percent.cp","99.5%",0.739919830383733
