"seurat_clusters","score_column","mean_score","cell_type"
"0","Sig1",-0.0636723606008461,"Trichoblast"
"0","Sig2",-0.0241760920668296,"Atrichoblast"
"0","Sig3",-0.00801275971309223,"Cortex"
"0","Sig4",-0.0441275305121258,"Endodermis"
"0","Sig5",-0.013004654444166,"Xylem"
"0","Sig6",-0.00405579349435052,"Phloem"
"0","Sig7",-0.0485287628129508,"Pericycle"
"0","Sig8",-0.0170127309883968,"QC"
"1","Sig1",-0.129583381407838,"Trichoblast"
"1","Sig2",0.00633571257635967,"Atrichoblast"
"1","Sig3",-0.000405091938740976,"Cortex"
"1","Sig4",-0.0306772746398089,"Endodermis"
"1","Sig5",0.00195920472887583,"Xylem"
"1","Sig6",0.000937371461301644,"Phloem"
"1","Sig7",0.0145599542562934,"Pericycle"
"1","Sig8",-0.0255108271396204,"QC"
"2","Sig1",0.155023580491907,"Trichoblast"
"2","Sig2",-0.00283964006538474,"Atrichoblast"
"2","Sig3",0.0044978692656122,"Cortex"
"2","Sig4",0.0441384450354351,"Endodermis"
"2","Sig5",0.0159256741586482,"Xylem"
"2","Sig6",0.0098694515234692,"Phloem"
"2","Sig7",0.0233216146939811,"Pericycle"
"2","Sig8",-0.036636749986323,"QC"
"3","Sig1",-0.0783233117974021,"Trichoblast"
"3","Sig2",-0.0171715038108361,"Atrichoblast"
"3","Sig3",-0.007201335004326,"Cortex"
"3","Sig4",-0.0360707593127423,"Endodermis"
"3","Sig5",-0.00250239000486152,"Xylem"
"3","Sig6",-0.00211616198813623,"Phloem"
"3","Sig7",0.167771414653529,"Pericycle"
"3","Sig8",-0.00925735232504604,"QC"
"4","Sig1",-0.0737023324212323,"Trichoblast"
"4","Sig2",-0.0255950292347534,"Atrichoblast"
"4","Sig3",-0.0082385866135231,"Cortex"
"4","Sig4",0.0542918349749933,"Endodermis"
"4","Sig5",-0.00852860699597191,"Xylem"
"4","Sig6",-0.00735787039048656,"Phloem"
"4","Sig7",0.0651257855253256,"Pericycle"
"4","Sig8",-0.0106142234035351,"QC"
"5","Sig1",-0.0744820507776087,"Trichoblast"
"5","Sig2",-0.0322541188577795,"Atrichoblast"
"5","Sig3",-0.0071690200845223,"Cortex"
"5","Sig4",-0.0455739515649211,"Endodermis"
"5","Sig5",-0.00963118925378837,"Xylem"
"5","Sig6",-0.00618521430574338,"Phloem"
"5","Sig7",-0.0407232218826806,"Pericycle"
"5","Sig8",-0.0112387462684385,"QC"
"6","Sig1",-0.072777886030527,"Trichoblast"
"6","Sig2",-0.0299887180237292,"Atrichoblast"
"6","Sig3",-0.0224860400881472,"Cortex"
"6","Sig4",-0.0711887537608319,"Endodermis"
"6","Sig5",-0.0128743507771735,"Xylem"
"6","Sig6",-0.025125052685572,"Phloem"
"6","Sig7",-0.0338618303888401,"Pericycle"
"6","Sig8",-0.0501075046496926,"QC"
"7","Sig1",-0.151485622213997,"Trichoblast"
"7","Sig2",0.207982167758041,"Atrichoblast"
"7","Sig3",0.00133096780526688,"Cortex"
"7","Sig4",-0.0783210505510731,"Endodermis"
"7","Sig5",0.000133376196986474,"Xylem"
"7","Sig6",0.00144293226037051,"Phloem"
"7","Sig7",-0.0470372283434844,"Pericycle"
"7","Sig8",-0.0646570568336493,"QC"
"8","Sig1",0.00926832448930763,"Trichoblast"
"8","Sig2",0.00309448293393688,"Atrichoblast"
"8","Sig3",0.00271401620303393,"Cortex"
"8","Sig4",-0.096517673422934,"Endodermis"
"8","Sig5",0.00193828889495432,"Xylem"
"8","Sig6",0.00279703069669103,"Phloem"
"8","Sig7",-0.0572283559253611,"Pericycle"
"8","Sig8",-0.0884060856533852,"QC"
"9","Sig1",-0.134517672022316,"Trichoblast"
"9","Sig2",0.00419333109019814,"Atrichoblast"
"9","Sig3",-0.00104595207475949,"Cortex"
"9","Sig4",-0.0394682925409915,"Endodermis"
"9","Sig5",0.00462637223837174,"Xylem"
"9","Sig6",0.00235708344165246,"Phloem"
"9","Sig7",0.0359929819467853,"Pericycle"
"9","Sig8",-0.0219826816785711,"QC"
"10","Sig1",-0.120445338426238,"Trichoblast"
"10","Sig2",-0.0132397640850624,"Atrichoblast"
"10","Sig3",0.118965686575924,"Cortex"
"10","Sig4",0.0482452003043517,"Endodermis"
"10","Sig5",0.00285888073418419,"Xylem"
"10","Sig6",-0.000571650968113544,"Phloem"
"10","Sig7",0.0124133300409381,"Pericycle"
"10","Sig8",-0.0547649386956214,"QC"
"11","Sig1",-0.145227392045131,"Trichoblast"
"11","Sig2",0.0245218435895207,"Atrichoblast"
"11","Sig3",0.00239393597276825,"Cortex"
"11","Sig4",-0.035768367286015,"Endodermis"
"11","Sig5",0.00405726590352885,"Xylem"
"11","Sig6",0.00231702599935528,"Phloem"
"11","Sig7",-0.0143450056993781,"Pericycle"
"11","Sig8",-0.0527079134348321,"QC"
"12","Sig1",-0.0642183698381849,"Trichoblast"
"12","Sig2",-0.0210836524054519,"Atrichoblast"
"12","Sig3",-0.0173230317157925,"Cortex"
"12","Sig4",-0.0207765338831434,"Endodermis"
"12","Sig5",0.000213372007526677,"Xylem"
"12","Sig6",-0.00195946650546741,"Phloem"
"12","Sig7",0.020589393930354,"Pericycle"
"12","Sig8",-0.0205594476866313,"QC"
"13","Sig1",-0.0772609831113961,"Trichoblast"
"13","Sig2",0.00672001720155496,"Atrichoblast"
"13","Sig3",-0.00671309267056554,"Cortex"
"13","Sig4",-0.0153892240164394,"Endodermis"
"13","Sig5",0.000383414712115371,"Xylem"
"13","Sig6",-0.00519313551027109,"Phloem"
"13","Sig7",-0.0248984893557024,"Pericycle"
"13","Sig8",0.00639816583239005,"QC"
"14","Sig1",-0.0800663066349528,"Trichoblast"
"14","Sig2",-0.0347754311634093,"Atrichoblast"
"14","Sig3",-0.0199895414431097,"Cortex"
"14","Sig4",-0.0714641634099081,"Endodermis"
"14","Sig5",-0.014318153709813,"Xylem"
"14","Sig6",-0.0232587950191984,"Phloem"
"14","Sig7",-0.0469681229132185,"Pericycle"
"14","Sig8",-0.0419211499261654,"QC"
"15","Sig1",-0.0657359544853444,"Trichoblast"
"15","Sig2",-0.0124805768159881,"Atrichoblast"
"15","Sig3",0.00440244032102333,"Cortex"
"15","Sig4",0.776090823809348,"Endodermis"
"15","Sig5",0.00092194577777839,"Xylem"
"15","Sig6",-0.000784854842451684,"Phloem"
"15","Sig7",0.0484405640563209,"Pericycle"
"15","Sig8",-0.0297907181203822,"QC"
"16","Sig1",-0.0464537090716102,"Trichoblast"
"16","Sig2",-0.0236125845966417,"Atrichoblast"
"16","Sig3",-0.00997435802171201,"Cortex"
"16","Sig4",-0.00307934535635259,"Endodermis"
"16","Sig5",0.0283310597568021,"Xylem"
"16","Sig6",0.446716597606824,"Phloem"
"16","Sig7",0.134887539128996,"Pericycle"
"16","Sig8",-0.0218118145740927,"QC"
"17","Sig1",-0.0848647127041317,"Trichoblast"
"17","Sig2",0.000519688609838038,"Atrichoblast"
"17","Sig3",-0.00987056812346504,"Cortex"
"17","Sig4",-0.0305762115269264,"Endodermis"
"17","Sig5",0.595044315718056,"Xylem"
"17","Sig6",0.0223375220716284,"Phloem"
"17","Sig7",-0.0341983602780897,"Pericycle"
"17","Sig8",-0.0115653773410119,"QC"
