Cell cycle,G1,G2
AT1G18670,AT1G18670,AT2G27970
AT5G65420,AT5G65420,AT1G44110
AT5G10440,AT5G10440,AT1G77390
AT4G03270,AT4G03270,AT5G11300
AT5G02110,AT5G02110,AT1G15570
AT5G48820,AT5G48820,AT4G37490
AT3G19150,AT3G19150,AT5G06150
AT1G49620,AT1G49620,AT3G11520
AT5G43080,AT5G43080,AT2G26760
AT1G47210,AT1G47210,AT1G34460
AT5G02470,AT5G02470,AT2G17620
AT3G48160,AT3G48160,AT4G35620
AT3G01330,AT3G01330,AT1G20610
AT3G12280,AT3G12280,AT1G76310
AT1G02970,AT1G02970,AT1G20590
AT2G27970,,AT1G16330
AT1G44110,,AT3G54180
AT1G77390,,AT2G38620
AT5G11300,,AT1G76540
AT1G15570,,AT1G20930
AT4G37490,,
AT5G06150,,
AT3G11520,,
AT2G26760,,
AT1G34460,,
AT2G17620,,
AT4G35620,,
AT1G20610,,
AT1G76310,,
AT1G20590,,
AT1G16330,,
AT3G54180,,
AT2G38620,,
AT1G76540,,
AT1G20930,,
,,
,,
,,
,,
,,
,,
,,
,,
,,
,,
,,
,,
,,
,,
,,
,,
,,
,,
,,
,,
,,
,,
,,
,,
,,
,,
,,
,,
,,
,,
,,
,,
,,
,,
,,
,,
,,
,,
,,
,,
,,
,,
,,
,,
,,
,,
,,
,,
,,
,,
,,
,,
,,
,,
,,
,,
,,
,,
,,
,,
,,
,,
,,
,,
,,
,,
,,
,,
,,
,,
,,
,,
,,
,,
,,
