"seurat_clusters","cell_type_rank1","cell_type_rank2","mean_score_rank1","mean_score_rank2","margin"
"0","Phloem","Cortex",-0.00405579349435052,-0.00801275971309223,0.0039569662187417
"1","Pericycle","Atrichoblast",0.0145599542562934,0.00633571257635967,0.00822424167993376
"2","Trichoblast","Endodermis",0.155023580491907,0.0441384450354351,0.110885135456472
"3","Pericycle","Phloem",0.167771414653529,-0.00211616198813623,0.169887576641665
"4","Pericycle","Endodermis",0.0651257855253256,0.0542918349749933,0.0108339505503323
"5","Phloem","Cortex",-0.00618521430574338,-0.0071690200845223,0.000983805778778925
"6","Xylem","Cortex",-0.0128743507771735,-0.0224860400881472,0.00961168931097371
"7","Atrichoblast","Phloem",0.207982167758041,0.00144293226037051,0.206539235497671
"8","Trichoblast","Atrichoblast",0.00926832448930763,0.00309448293393688,0.00617384155537075
"9","Pericycle","Xylem",0.0359929819467853,0.00462637223837174,0.0313666097084135
"10","Cortex","Endodermis",0.118965686575924,0.0482452003043517,0.070720486271572
"11","Atrichoblast","Xylem",0.0245218435895207,0.00405726590352885,0.0204645776859918
"12","Pericycle","Xylem",0.020589393930354,0.000213372007526677,0.0203760219228274
"13","Atrichoblast","QC",0.00672001720155496,0.00639816583239005,0.000321851369164912
"14","Xylem","Cortex",-0.014318153709813,-0.0199895414431097,0.00567138773329674
"15","Endodermis","Pericycle",0.776090823809348,0.0484405640563209,0.727650259753027
"16","Phloem","Pericycle",0.446716597606824,0.134887539128996,0.311829058477828
"17","Xylem","Phloem",0.595044315718056,0.0223375220716284,0.572706793646428
